Record Length,2.500000e+03,,-0.051,0.284
Sample Interval,4.000000e-05,,-0.05096,0.282
Trigger Point,1.275000000000e+03,,-0.05092,0.284
,,,-0.05088,0.282
,,,-0.05084,0.282
,,,-0.0508,0.284
Source,CH1,,-0.05076,0.282
Vertical Units,V,,-0.05072,0.282
Vertical Scale,5.000000e-02,,-0.05068,0.282
Vertical Offset,-1.50E-01,,-0.05064,0.282
Horizontal Units,s,,-0.0506,0.282
Horizontal Scale,1.000000e-02,,-0.05056,0.284
Pt Fmt,Y,,-0.05052,0.282
Yzero,0.000000e+00,,-0.05048,0.284
Probe Atten,1.000000e+00,,-0.05044,0.284
Model Number,TBS1064,,-0.0504,0.282
Serial Number,C011380,,-0.05036,0.282
Firmware Version,FV:v26.05,,-0.05032,0.286
,,,-0.05028,0.282
,,,-0.05024,0.282
,,,-0.0502,0.282
,,,-0.05016,0.282
,,,-0.05012,0.282
,,,-0.05008,0.284
,,,-0.05004,0.282
,,,-0.05,0.282
,,,-0.04996,0.282
,,,-0.04992,0.282
,,,-0.04988,0.282
,,,-0.04984,0.282
,,,-0.0498,0.282
,,,-0.04976,0.282
,,,-0.04972,0.282
,,,-0.04968,0.282
,,,-0.04964,0.282
,,,-0.0496,0.282
,,,-0.04956,0.282
,,,-0.04952,0.282
,,,-0.04948,0.282
,,,-0.04944,0.282
,,,-0.0494,0.282
,,,-0.04936,0.282
,,,-0.04932,0.282
,,,-0.04928,0.282
,,,-0.04924,0.282
,,,-0.0492,0.282
,,,-0.04916,0.282
,,,-0.04912,0.282
,,,-0.04908,0.282
,,,-0.04904,0.282
,,,-0.049,0.282
,,,-0.04896,0.282
,,,-0.04892,0.282
,,,-0.04888,0.282
,,,-0.04884,0.282
,,,-0.0488,0.282
,,,-0.04876,0.282
,,,-0.04872,0.28
,,,-0.04868,0.284
,,,-0.04864,0.278
,,,-0.0486,0.282
,,,-0.04856,0.28
,,,-0.04852,0.282
,,,-0.04848,0.282
,,,-0.04844,0.282
,,,-0.0484,0.282
,,,-0.04836,0.282
,,,-0.04832,0.28
,,,-0.04828,0.282
,,,-0.04824,0.282
,,,-0.0482,0.282
,,,-0.04816,0.282
,,,-0.04812,0.282
,,,-0.04808,0.282
,,,-0.04804,0.28
,,,-0.048,0.28
,,,-0.04796,0.28
,,,-0.04792,0.282
,,,-0.04788,0.28
,,,-0.04784,0.282
,,,-0.0478,0.282
,,,-0.04776,0.28
,,,-0.04772,0.282
,,,-0.04768,0.282
,,,-0.04764,0.28
,,,-0.0476,0.28
,,,-0.04756,0.282
,,,-0.04752,0.282
,,,-0.04748,0.282
,,,-0.04744,0.28
,,,-0.0474,0.28
,,,-0.04736,0.282
,,,-0.04732,0.282
,,,-0.04728,0.28
,,,-0.04724,0.282
,,,-0.0472,0.282
,,,-0.04716,0.278
,,,-0.04712,0.282
,,,-0.04708,0.282
,,,-0.04704,0.282
,,,-0.047,0.282
,,,-0.04696,0.282
,,,-0.04692,0.28
,,,-0.04688,0.28
,,,-0.04684,0.28
,,,-0.0468,0.28
,,,-0.04676,0.278
,,,-0.04672,0.28
,,,-0.04668,0.282
,,,-0.04664,0.28
,,,-0.0466,0.28
,,,-0.04656,0.282
,,,-0.04652,0.282
,,,-0.04648,0.282
,,,-0.04644,0.282
,,,-0.0464,0.282
,,,-0.04636,0.282
,,,-0.04632,0.282
,,,-0.04628,0.28
,,,-0.04624,0.28
,,,-0.0462,0.278
,,,-0.04616,0.278
,,,-0.04612,0.282
,,,-0.04608,0.282
,,,-0.04604,0.28
,,,-0.046,0.28
,,,-0.04596,0.28
,,,-0.04592,0.282
,,,-0.04588,0.28
,,,-0.04584,0.28
,,,-0.0458,0.28
,,,-0.04576,0.278
,,,-0.04572,0.28
,,,-0.04568,0.28
,,,-0.04564,0.278
,,,-0.0456,0.28
,,,-0.04556,0.278
,,,-0.04552,0.278
,,,-0.04548,0.28
,,,-0.04544,0.278
,,,-0.0454,0.278
,,,-0.04536,0.28
,,,-0.04532,0.28
,,,-0.04528,0.28
,,,-0.04524,0.278
,,,-0.0452,0.278
,,,-0.04516,0.278
,,,-0.04512,0.278
,,,-0.04508,0.278
,,,-0.04504,0.28
,,,-0.045,0.28
,,,-0.04496,0.278
,,,-0.04492,0.28
,,,-0.04488,0.278
,,,-0.04484,0.278
,,,-0.0448,0.278
,,,-0.04476,0.278
,,,-0.04472,0.28
,,,-0.04468,0.28
,,,-0.04464,0.28
,,,-0.0446,0.28
,,,-0.04456,0.28
,,,-0.04452,0.278
,,,-0.04448,0.282
,,,-0.04444,0.278
,,,-0.0444,0.278
,,,-0.04436,0.28
,,,-0.04432,0.278
,,,-0.04428,0.278
,,,-0.04424,0.28
,,,-0.0442,0.278
,,,-0.04416,0.28
,,,-0.04412,0.28
,,,-0.04408,0.278
,,,-0.04404,0.28
,,,-0.044,0.278
,,,-0.04396,0.278
,,,-0.04392,0.278
,,,-0.04388,0.278
,,,-0.04384,0.28
,,,-0.0438,0.28
,,,-0.04376,0.278
,,,-0.04372,0.278
,,,-0.04368,0.278
,,,-0.04364,0.278
,,,-0.0436,0.278
,,,-0.04356,0.278
,,,-0.04352,0.278
,,,-0.04348,0.278
,,,-0.04344,0.278
,,,-0.0434,0.278
,,,-0.04336,0.28
,,,-0.04332,0.278
,,,-0.04328,0.278
,,,-0.04324,0.278
,,,-0.0432,0.278
,,,-0.04316,0.278
,,,-0.04312,0.278
,,,-0.04308,0.278
,,,-0.04304,0.278
,,,-0.043,0.278
,,,-0.04296,0.278
,,,-0.04292,0.278
,,,-0.04288,0.276
,,,-0.04284,0.276
,,,-0.0428,0.278
,,,-0.04276,0.278
,,,-0.04272,0.278
,,,-0.04268,0.278
,,,-0.04264,0.276
,,,-0.0426,0.278
,,,-0.04256,0.278
,,,-0.04252,0.276
,,,-0.04248,0.278
,,,-0.04244,0.278
,,,-0.0424,0.278
,,,-0.04236,0.278
,,,-0.04232,0.278
,,,-0.04228,0.278
,,,-0.04224,0.278
,,,-0.0422,0.276
,,,-0.04216,0.276
,,,-0.04212,0.278
,,,-0.04208,0.278
,,,-0.04204,0.278
,,,-0.042,0.278
,,,-0.04196,0.278
,,,-0.04192,0.278
,,,-0.04188,0.276
,,,-0.04184,0.278
,,,-0.0418,0.276
,,,-0.04176,0.276
,,,-0.04172,0.276
,,,-0.04168,0.276
,,,-0.04164,0.278
,,,-0.0416,0.276
,,,-0.04156,0.276
,,,-0.04152,0.276
,,,-0.04148,0.278
,,,-0.04144,0.278
,,,-0.0414,0.276
,,,-0.04136,0.276
,,,-0.04132,0.278
,,,-0.04128,0.276
,,,-0.04124,0.278
,,,-0.0412,0.274
,,,-0.04116,0.278
,,,-0.04112,0.276
,,,-0.04108,0.276
,,,-0.04104,0.276
,,,-0.041,0.276
,,,-0.04096,0.276
,,,-0.04092,0.276
,,,-0.04088,0.276
,,,-0.04084,0.274
,,,-0.0408,0.274
,,,-0.04076,0.276
,,,-0.04072,0.274
,,,-0.04068,0.274
,,,-0.04064,0.276
,,,-0.0406,0.276
,,,-0.04056,0.276
,,,-0.04052,0.276
,,,-0.04048,0.274
,,,-0.04044,0.274
,,,-0.0404,0.274
,,,-0.04036,0.274
,,,-0.04032,0.274
,,,-0.04028,0.276
,,,-0.04024,0.274
,,,-0.0402,0.272
,,,-0.04016,0.276
,,,-0.04012,0.272
,,,-0.04008,0.272
,,,-0.04004,0.274
,,,-0.04,0.274
,,,-0.03996,0.272
,,,-0.03992,0.272
,,,-0.03988,0.272
,,,-0.03984,0.272
,,,-0.0398,0.272
,,,-0.03976,0.272
,,,-0.03972,0.27
,,,-0.03968,0.27
,,,-0.03964,0.272
,,,-0.0396,0.272
,,,-0.03956,0.27
,,,-0.03952,0.268
,,,-0.03948,0.27
,,,-0.03944,0.27
,,,-0.0394,0.27
,,,-0.03936,0.268
,,,-0.03932,0.268
,,,-0.03928,0.266
,,,-0.03924,0.268
,,,-0.0392,0.268
,,,-0.03916,0.266
,,,-0.03912,0.268
,,,-0.03908,0.268
,,,-0.03904,0.266
,,,-0.039,0.268
,,,-0.03896,0.264
,,,-0.03892,0.266
,,,-0.03888,0.264
,,,-0.03884,0.264
,,,-0.0388,0.264
,,,-0.03876,0.262
,,,-0.03872,0.262
,,,-0.03868,0.262
,,,-0.03864,0.262
,,,-0.0386,0.26
,,,-0.03856,0.262
,,,-0.03852,0.262
,,,-0.03848,0.262
,,,-0.03844,0.258
,,,-0.0384,0.258
,,,-0.03836,0.26
,,,-0.03832,0.256
,,,-0.03828,0.256
,,,-0.03824,0.258
,,,-0.0382,0.256
,,,-0.03816,0.256
,,,-0.03812,0.256
,,,-0.03808,0.252
,,,-0.03804,0.252
,,,-0.038,0.252
,,,-0.03796,0.25
,,,-0.03792,0.25
,,,-0.03788,0.25
,,,-0.03784,0.25
,,,-0.0378,0.248
,,,-0.03776,0.246
,,,-0.03772,0.246
,,,-0.03768,0.244
,,,-0.03764,0.244
,,,-0.0376,0.244
,,,-0.03756,0.242
,,,-0.03752,0.242
,,,-0.03748,0.24
,,,-0.03744,0.24
,,,-0.0374,0.24
,,,-0.03736,0.24
,,,-0.03732,0.238
,,,-0.03728,0.238
,,,-0.03724,0.236
,,,-0.0372,0.236
,,,-0.03716,0.234
,,,-0.03712,0.234
,,,-0.03708,0.232
,,,-0.03704,0.23
,,,-0.037,0.23
,,,-0.03696,0.228
,,,-0.03692,0.228
,,,-0.03688,0.226
,,,-0.03684,0.226
,,,-0.0368,0.222
,,,-0.03676,0.222
,,,-0.03672,0.222
,,,-0.03668,0.22
,,,-0.03664,0.22
,,,-0.0366,0.218
,,,-0.03656,0.218
,,,-0.03652,0.216
,,,-0.03648,0.214
,,,-0.03644,0.212
,,,-0.0364,0.21
,,,-0.03636,0.212
,,,-0.03632,0.21
,,,-0.03628,0.208
,,,-0.03624,0.206
,,,-0.0362,0.206
,,,-0.03616,0.204
,,,-0.03612,0.202
,,,-0.03608,0.202
,,,-0.03604,0.202
,,,-0.036,0.198
,,,-0.03596,0.2
,,,-0.03592,0.196
,,,-0.03588,0.194
,,,-0.03584,0.194
,,,-0.0358,0.192
,,,-0.03576,0.192
,,,-0.03572,0.19
,,,-0.03568,0.19
,,,-0.03564,0.186
,,,-0.0356,0.184
,,,-0.03556,0.184
,,,-0.03552,0.182
,,,-0.03548,0.182
,,,-0.03544,0.18
,,,-0.0354,0.178
,,,-0.03536,0.178
,,,-0.03532,0.178
,,,-0.03528,0.176
,,,-0.03524,0.174
,,,-0.0352,0.172
,,,-0.03516,0.172
,,,-0.03512,0.168
,,,-0.03508,0.168
,,,-0.03504,0.168
,,,-0.035,0.164
,,,-0.03496,0.164
,,,-0.03492,0.164
,,,-0.03488,0.162
,,,-0.03484,0.16
,,,-0.0348,0.16
,,,-0.03476,0.156
,,,-0.03472,0.156
,,,-0.03468,0.156
,,,-0.03464,0.156
,,,-0.0346,0.152
,,,-0.03456,0.154
,,,-0.03452,0.152
,,,-0.03448,0.15
,,,-0.03444,0.15
,,,-0.0344,0.15
,,,-0.03436,0.146
,,,-0.03432,0.144
,,,-0.03428,0.144
,,,-0.03424,0.144
,,,-0.0342,0.142
,,,-0.03416,0.142
,,,-0.03412,0.142
,,,-0.03408,0.14
,,,-0.03404,0.14
,,,-0.034,0.138
,,,-0.03396,0.138
,,,-0.03392,0.136
,,,-0.03388,0.136
,,,-0.03384,0.136
,,,-0.0338,0.134
,,,-0.03376,0.134
,,,-0.03372,0.134
,,,-0.03368,0.132
,,,-0.03364,0.132
,,,-0.0336,0.132
,,,-0.03356,0.128
,,,-0.03352,0.13
,,,-0.03348,0.128
,,,-0.03344,0.128
,,,-0.0334,0.128
,,,-0.03336,0.126
,,,-0.03332,0.128
,,,-0.03328,0.128
,,,-0.03324,0.128
,,,-0.0332,0.126
,,,-0.03316,0.126
,,,-0.03312,0.126
,,,-0.03308,0.126
,,,-0.03304,0.126
,,,-0.033,0.124
,,,-0.03296,0.126
,,,-0.03292,0.124
,,,-0.03288,0.126
,,,-0.03284,0.126
,,,-0.0328,0.124
,,,-0.03276,0.124
,,,-0.03272,0.122
,,,-0.03268,0.124
,,,-0.03264,0.124
,,,-0.0326,0.126
,,,-0.03256,0.124
,,,-0.03252,0.126
,,,-0.03248,0.126
,,,-0.03244,0.124
,,,-0.0324,0.126
,,,-0.03236,0.126
,,,-0.03232,0.126
,,,-0.03228,0.128
,,,-0.03224,0.126
,,,-0.0322,0.128
,,,-0.03216,0.128
,,,-0.03212,0.128
,,,-0.03208,0.13
,,,-0.03204,0.132
,,,-0.032,0.13
,,,-0.03196,0.132
,,,-0.03192,0.134
,,,-0.03188,0.134
,,,-0.03184,0.134
,,,-0.0318,0.134
,,,-0.03176,0.136
,,,-0.03172,0.136
,,,-0.03168,0.138
,,,-0.03164,0.138
,,,-0.0316,0.14
,,,-0.03156,0.14
,,,-0.03152,0.14
,,,-0.03148,0.142
,,,-0.03144,0.142
,,,-0.0314,0.144
,,,-0.03136,0.146
,,,-0.03132,0.148
,,,-0.03128,0.146
,,,-0.03124,0.15
,,,-0.0312,0.15
,,,-0.03116,0.152
,,,-0.03112,0.154
,,,-0.03108,0.154
,,,-0.03104,0.158
,,,-0.031,0.156
,,,-0.03096,0.158
,,,-0.03092,0.16
,,,-0.03088,0.16
,,,-0.03084,0.162
,,,-0.0308,0.164
,,,-0.03076,0.164
,,,-0.03072,0.168
,,,-0.03068,0.166
,,,-0.03064,0.17
,,,-0.0306,0.17
,,,-0.03056,0.172
,,,-0.03052,0.174
,,,-0.03048,0.174
,,,-0.03044,0.178
,,,-0.0304,0.18
,,,-0.03036,0.18
,,,-0.03032,0.182
,,,-0.03028,0.184
,,,-0.03024,0.186
,,,-0.0302,0.186
,,,-0.03016,0.188
,,,-0.03012,0.188
,,,-0.03008,0.192
,,,-0.03004,0.192
,,,-0.03,0.194
,,,-0.02996,0.196
,,,-0.02992,0.198
,,,-0.02988,0.198
,,,-0.02984,0.2
,,,-0.0298,0.2
,,,-0.02976,0.202
,,,-0.02972,0.206
,,,-0.02968,0.208
,,,-0.02964,0.206
,,,-0.0296,0.21
,,,-0.02956,0.21
,,,-0.02952,0.212
,,,-0.02948,0.214
,,,-0.02944,0.216
,,,-0.0294,0.216
,,,-0.02936,0.218
,,,-0.02932,0.22
,,,-0.02928,0.22
,,,-0.02924,0.22
,,,-0.0292,0.222
,,,-0.02916,0.222
,,,-0.02912,0.224
,,,-0.02908,0.226
,,,-0.02904,0.226
,,,-0.029,0.226
,,,-0.02896,0.23
,,,-0.02892,0.23
,,,-0.02888,0.23
,,,-0.02884,0.23
,,,-0.0288,0.232
,,,-0.02876,0.232
,,,-0.02872,0.234
,,,-0.02868,0.234
,,,-0.02864,0.234
,,,-0.0286,0.234
,,,-0.02856,0.234
,,,-0.02852,0.234
,,,-0.02848,0.234
,,,-0.02844,0.234
,,,-0.0284,0.236
,,,-0.02836,0.236
,,,-0.02832,0.236
,,,-0.02828,0.236
,,,-0.02824,0.236
,,,-0.0282,0.236
,,,-0.02816,0.236
,,,-0.02812,0.236
,,,-0.02808,0.236
,,,-0.02804,0.234
,,,-0.028,0.234
,,,-0.02796,0.234
,,,-0.02792,0.234
,,,-0.02788,0.234
,,,-0.02784,0.232
,,,-0.0278,0.232
,,,-0.02776,0.232
,,,-0.02772,0.23
,,,-0.02768,0.23
,,,-0.02764,0.228
,,,-0.0276,0.228
,,,-0.02756,0.226
,,,-0.02752,0.226
,,,-0.02748,0.222
,,,-0.02744,0.222
,,,-0.0274,0.22
,,,-0.02736,0.22
,,,-0.02732,0.218
,,,-0.02728,0.216
,,,-0.02724,0.216
,,,-0.0272,0.216
,,,-0.02716,0.212
,,,-0.02712,0.21
,,,-0.02708,0.21
,,,-0.02704,0.208
,,,-0.027,0.206
,,,-0.02696,0.202
,,,-0.02692,0.2
,,,-0.02688,0.198
,,,-0.02684,0.196
,,,-0.0268,0.196
,,,-0.02676,0.192
,,,-0.02672,0.19
,,,-0.02668,0.188
,,,-0.02664,0.188
,,,-0.0266,0.182
,,,-0.02656,0.182
,,,-0.02652,0.18
,,,-0.02648,0.178
,,,-0.02644,0.174
,,,-0.0264,0.172
,,,-0.02636,0.17
,,,-0.02632,0.166
,,,-0.02628,0.164
,,,-0.02624,0.162
,,,-0.0262,0.16
,,,-0.02616,0.156
,,,-0.02612,0.154
,,,-0.02608,0.152
,,,-0.02604,0.15
,,,-0.026,0.146
,,,-0.02596,0.142
,,,-0.02592,0.14
,,,-0.02588,0.14
,,,-0.02584,0.134
,,,-0.0258,0.136
,,,-0.02576,0.13
,,,-0.02572,0.128
,,,-0.02568,0.124
,,,-0.02564,0.122
,,,-0.0256,0.12
,,,-0.02556,0.118
,,,-0.02552,0.112
,,,-0.02548,0.112
,,,-0.02544,0.11
,,,-0.0254,0.108
,,,-0.02536,0.106
,,,-0.02532,0.104
,,,-0.02528,0.1
,,,-0.02524,0.098
,,,-0.0252,0.096
,,,-0.02516,0.096
,,,-0.02512,0.094
,,,-0.02508,0.09
,,,-0.02504,0.09
,,,-0.025,0.088
,,,-0.02496,0.084
,,,-0.02492,0.082
,,,-0.02488,0.082
,,,-0.02484,0.08
,,,-0.0248,0.078
,,,-0.02476,0.076
,,,-0.02472,0.076
,,,-0.02468,0.074
,,,-0.02464,0.072
,,,-0.0246,0.07
,,,-0.02456,0.07
,,,-0.02452,0.068
,,,-0.02448,0.066
,,,-0.02444,0.066
,,,-0.0244,0.064
,,,-0.02436,0.062
,,,-0.02432,0.06
,,,-0.02428,0.062
,,,-0.02424,0.06
,,,-0.0242,0.058
,,,-0.02416,0.058
,,,-0.02412,0.056
,,,-0.02408,0.056
,,,-0.02404,0.056
,,,-0.024,0.054
,,,-0.02396,0.052
,,,-0.02392,0.052
,,,-0.02388,0.052
,,,-0.02384,0.052
,,,-0.0238,0.05
,,,-0.02376,0.05
,,,-0.02372,0.05
,,,-0.02368,0.048
,,,-0.02364,0.048
,,,-0.0236,0.048
,,,-0.02356,0.046
,,,-0.02352,0.048
,,,-0.02348,0.046
,,,-0.02344,0.046
,,,-0.0234,0.046
,,,-0.02336,0.044
,,,-0.02332,0.046
,,,-0.02328,0.044
,,,-0.02324,0.046
,,,-0.0232,0.046
,,,-0.02316,0.044
,,,-0.02312,0.046
,,,-0.02308,0.044
,,,-0.02304,0.044
,,,-0.023,0.042
,,,-0.02296,0.042
,,,-0.02292,0.042
,,,-0.02288,0.044
,,,-0.02284,0.044
,,,-0.0228,0.042
,,,-0.02276,0.046
,,,-0.02272,0.044
,,,-0.02268,0.044
,,,-0.02264,0.044
,,,-0.0226,0.042
,,,-0.02256,0.044
,,,-0.02252,0.044
,,,-0.02248,0.046
,,,-0.02244,0.046
,,,-0.0224,0.044
,,,-0.02236,0.046
,,,-0.02232,0.046
,,,-0.02228,0.046
,,,-0.02224,0.046
,,,-0.0222,0.046
,,,-0.02216,0.048
,,,-0.02212,0.048
,,,-0.02208,0.048
,,,-0.02204,0.048
,,,-0.022,0.048
,,,-0.02196,0.048
,,,-0.02192,0.05
,,,-0.02188,0.05
,,,-0.02184,0.052
,,,-0.0218,0.052
,,,-0.02176,0.054
,,,-0.02172,0.054
,,,-0.02168,0.056
,,,-0.02164,0.056
,,,-0.0216,0.056
,,,-0.02156,0.056
,,,-0.02152,0.058
,,,-0.02148,0.06
,,,-0.02144,0.06
,,,-0.0214,0.062
,,,-0.02136,0.064
,,,-0.02132,0.064
,,,-0.02128,0.064
,,,-0.02124,0.066
,,,-0.0212,0.066
,,,-0.02116,0.068
,,,-0.02112,0.072
,,,-0.02108,0.072
,,,-0.02104,0.076
,,,-0.021,0.074
,,,-0.02096,0.076
,,,-0.02092,0.08
,,,-0.02088,0.078
,,,-0.02084,0.082
,,,-0.0208,0.082
,,,-0.02076,0.086
,,,-0.02072,0.088
,,,-0.02068,0.088
,,,-0.02064,0.09
,,,-0.0206,0.094
,,,-0.02056,0.094
,,,-0.02052,0.098
,,,-0.02048,0.098
,,,-0.02044,0.102
,,,-0.0204,0.104
,,,-0.02036,0.106
,,,-0.02032,0.108
,,,-0.02028,0.11
,,,-0.02024,0.114
,,,-0.0202,0.116
,,,-0.02016,0.116
,,,-0.02012,0.12
,,,-0.02008,0.124
,,,-0.02004,0.126
,,,-0.02,0.128
,,,-0.01996,0.128
,,,-0.01992,0.132
,,,-0.01988,0.136
,,,-0.01984,0.138
,,,-0.0198,0.14
,,,-0.01976,0.144
,,,-0.01972,0.146
,,,-0.01968,0.15
,,,-0.01964,0.152
,,,-0.0196,0.154
,,,-0.01956,0.156
,,,-0.01952,0.158
,,,-0.01948,0.164
,,,-0.01944,0.168
,,,-0.0194,0.168
,,,-0.01936,0.17
,,,-0.01932,0.172
,,,-0.01928,0.176
,,,-0.01924,0.178
,,,-0.0192,0.18
,,,-0.01916,0.182
,,,-0.01912,0.186
,,,-0.01908,0.188
,,,-0.01904,0.19
,,,-0.019,0.194
,,,-0.01896,0.196
,,,-0.01892,0.198
,,,-0.01888,0.198
,,,-0.01884,0.202
,,,-0.0188,0.202
,,,-0.01876,0.208
,,,-0.01872,0.208
,,,-0.01868,0.212
,,,-0.01864,0.212
,,,-0.0186,0.214
,,,-0.01856,0.216
,,,-0.01852,0.218
,,,-0.01848,0.218
,,,-0.01844,0.222
,,,-0.0184,0.222
,,,-0.01836,0.226
,,,-0.01832,0.228
,,,-0.01828,0.228
,,,-0.01824,0.23
,,,-0.0182,0.232
,,,-0.01816,0.234
,,,-0.01812,0.234
,,,-0.01808,0.238
,,,-0.01804,0.238
,,,-0.018,0.238
,,,-0.01796,0.24
,,,-0.01792,0.24
,,,-0.01788,0.24
,,,-0.01784,0.246
,,,-0.0178,0.244
,,,-0.01776,0.244
,,,-0.01772,0.246
,,,-0.01768,0.248
,,,-0.01764,0.248
,,,-0.0176,0.248
,,,-0.01756,0.25
,,,-0.01752,0.248
,,,-0.01748,0.25
,,,-0.01744,0.254
,,,-0.0174,0.252
,,,-0.01736,0.254
,,,-0.01732,0.254
,,,-0.01728,0.254
,,,-0.01724,0.254
,,,-0.0172,0.254
,,,-0.01716,0.256
,,,-0.01712,0.256
,,,-0.01708,0.258
,,,-0.01704,0.258
,,,-0.017,0.258
,,,-0.01696,0.258
,,,-0.01692,0.258
,,,-0.01688,0.26
,,,-0.01684,0.26
,,,-0.0168,0.262
,,,-0.01676,0.258
,,,-0.01672,0.262
,,,-0.01668,0.262
,,,-0.01664,0.262
,,,-0.0166,0.26
,,,-0.01656,0.264
,,,-0.01652,0.262
,,,-0.01648,0.262
,,,-0.01644,0.262
,,,-0.0164,0.264
,,,-0.01636,0.264
,,,-0.01632,0.262
,,,-0.01628,0.264
,,,-0.01624,0.262
,,,-0.0162,0.264
,,,-0.01616,0.264
,,,-0.01612,0.262
,,,-0.01608,0.264
,,,-0.01604,0.264
,,,-0.016,0.264
,,,-0.01596,0.264
,,,-0.01592,0.264
,,,-0.01588,0.264
,,,-0.01584,0.266
,,,-0.0158,0.266
,,,-0.01576,0.266
,,,-0.01572,0.266
,,,-0.01568,0.264
,,,-0.01564,0.264
,,,-0.0156,0.264
,,,-0.01556,0.266
,,,-0.01552,0.266
,,,-0.01548,0.266
,,,-0.01544,0.264
,,,-0.0154,0.266
,,,-0.01536,0.262
,,,-0.01532,0.266
,,,-0.01528,0.264
,,,-0.01524,0.266
,,,-0.0152,0.266
,,,-0.01516,0.264
,,,-0.01512,0.266
,,,-0.01508,0.266
,,,-0.01504,0.264
,,,-0.015,0.268
,,,-0.01496,0.266
,,,-0.01492,0.266
,,,-0.01488,0.264
,,,-0.01484,0.266
,,,-0.0148,0.264
,,,-0.01476,0.266
,,,-0.01472,0.266
,,,-0.01468,0.264
,,,-0.01464,0.264
,,,-0.0146,0.266
,,,-0.01456,0.266
,,,-0.01452,0.266
,,,-0.01448,0.264
,,,-0.01444,0.266
,,,-0.0144,0.264
,,,-0.01436,0.264
,,,-0.01432,0.266
,,,-0.01428,0.266
,,,-0.01424,0.264
,,,-0.0142,0.266
,,,-0.01416,0.264
,,,-0.01412,0.266
,,,-0.01408,0.266
,,,-0.01404,0.264
,,,-0.014,0.266
,,,-0.01396,0.266
,,,-0.01392,0.266
,,,-0.01388,0.266
,,,-0.01384,0.268
,,,-0.0138,0.266
,,,-0.01376,0.266
,,,-0.01372,0.266
,,,-0.01368,0.266
,,,-0.01364,0.266
,,,-0.0136,0.264
,,,-0.01356,0.266
,,,-0.01352,0.266
,,,-0.01348,0.266
,,,-0.01344,0.264
,,,-0.0134,0.264
,,,-0.01336,0.266
,,,-0.01332,0.266
,,,-0.01328,0.264
,,,-0.01324,0.266
,,,-0.0132,0.266
,,,-0.01316,0.266
,,,-0.01312,0.264
,,,-0.01308,0.264
,,,-0.01304,0.264
,,,-0.013,0.264
,,,-0.01296,0.266
,,,-0.01292,0.264
,,,-0.01288,0.266
,,,-0.01284,0.264
,,,-0.0128,0.266
,,,-0.01276,0.264
,,,-0.01272,0.266
,,,-0.01268,0.264
,,,-0.01264,0.264
,,,-0.0126,0.264
,,,-0.01256,0.266
,,,-0.01252,0.264
,,,-0.01248,0.266
,,,-0.01244,0.266
,,,-0.0124,0.266
,,,-0.01236,0.266
,,,-0.01232,0.264
,,,-0.01228,0.264
,,,-0.01224,0.264
,,,-0.0122,0.266
,,,-0.01216,0.264
,,,-0.01212,0.266
,,,-0.01208,0.264
,,,-0.01204,0.264
,,,-0.012,0.262
,,,-0.01196,0.264
,,,-0.01192,0.264
,,,-0.01188,0.266
,,,-0.01184,0.266
,,,-0.0118,0.264
,,,-0.01176,0.264
,,,-0.01172,0.264
,,,-0.01168,0.264
,,,-0.01164,0.262
,,,-0.0116,0.262
,,,-0.01156,0.266
,,,-0.01152,0.264
,,,-0.01148,0.264
,,,-0.01144,0.264
,,,-0.0114,0.264
,,,-0.01136,0.264
,,,-0.01132,0.266
,,,-0.01128,0.264
,,,-0.01124,0.266
,,,-0.0112,0.266
,,,-0.01116,0.266
,,,-0.01112,0.266
,,,-0.01108,0.264
,,,-0.01104,0.264
,,,-0.011,0.266
,,,-0.01096,0.266
,,,-0.01092,0.264
,,,-0.01088,0.264
,,,-0.01084,0.264
,,,-0.0108,0.264
,,,-0.01076,0.266
,,,-0.01072,0.262
,,,-0.01068,0.264
,,,-0.01064,0.264
,,,-0.0106,0.266
,,,-0.01056,0.266
,,,-0.01052,0.264
,,,-0.01048,0.264
,,,-0.01044,0.264
,,,-0.0104,0.264
,,,-0.01036,0.262
,,,-0.01032,0.264
,,,-0.01028,0.264
,,,-0.01024,0.264
,,,-0.0102,0.264
,,,-0.01016,0.264
,,,-0.01012,0.262
,,,-0.01008,0.264
,,,-0.01004,0.264
,,,-0.01,0.264
,,,-0.00996,0.264
,,,-0.00992,0.264
,,,-0.00988,0.264
,,,-0.00984,0.264
,,,-0.0098,0.264
,,,-0.00976,0.264
,,,-0.00972,0.264
,,,-0.00968,0.264
,,,-0.00964,0.264
,,,-0.0096,0.264
,,,-0.00956,0.264
,,,-0.00952,0.262
,,,-0.00948,0.264
,,,-0.00944,0.264
,,,-0.0094,0.262
,,,-0.00936,0.264
,,,-0.00932,0.262
,,,-0.00928,0.264
,,,-0.00924,0.264
,,,-0.0092,0.266
,,,-0.00916,0.264
,,,-0.00912,0.262
,,,-0.00908,0.264
,,,-0.00904,0.264
,,,-0.009,0.264
,,,-0.00896,0.262
,,,-0.00892,0.264
,,,-0.00888,0.264
,,,-0.00884,0.264
,,,-0.0088,0.264
,,,-0.00876,0.264
,,,-0.00872,0.264
,,,-0.00868,0.262
,,,-0.00864,0.264
,,,-0.0086,0.266
,,,-0.00856,0.266
,,,-0.00852,0.264
,,,-0.00848,0.264
,,,-0.00844,0.264
,,,-0.0084,0.264
,,,-0.00836,0.264
,,,-0.00832,0.264
,,,-0.00828,0.264
,,,-0.00824,0.266
,,,-0.0082,0.264
,,,-0.00816,0.264
,,,-0.00812,0.264
,,,-0.00808,0.264
,,,-0.00804,0.264
,,,-0.008,0.264
,,,-0.00796,0.264
,,,-0.00792,0.264
,,,-0.00788,0.264
,,,-0.00784,0.264
,,,-0.0078,0.264
,,,-0.00776,0.264
,,,-0.00772,0.264
,,,-0.00768,0.264
,,,-0.00764,0.264
,,,-0.0076,0.262
,,,-0.00756,0.264
,,,-0.00752,0.266
,,,-0.00748,0.264
,,,-0.00744,0.264
,,,-0.0074,0.264
,,,-0.00736,0.262
,,,-0.00732,0.264
,,,-0.00728,0.262
,,,-0.00724,0.264
,,,-0.0072,0.264
,,,-0.00716,0.264
,,,-0.00712,0.264
,,,-0.00708,0.264
,,,-0.00704,0.264
,,,-0.007,0.264
,,,-0.00696,0.264
,,,-0.00692,0.264
,,,-0.00688,0.262
,,,-0.00684,0.264
,,,-0.0068,0.264
,,,-0.00676,0.262
,,,-0.00672,0.264
,,,-0.00668,0.264
,,,-0.00664,0.264
,,,-0.0066,0.262
,,,-0.00656,0.264
,,,-0.00652,0.262
,,,-0.00648,0.262
,,,-0.00644,0.262
,,,-0.0064,0.262
,,,-0.00636,0.262
,,,-0.00632,0.264
,,,-0.00628,0.264
,,,-0.00624,0.264
,,,-0.0062,0.262
,,,-0.00616,0.262
,,,-0.00612,0.264
,,,-0.00608,0.262
,,,-0.00604,0.262
,,,-0.006,0.262
,,,-0.00596,0.262
,,,-0.00592,0.264
,,,-0.00588,0.264
,,,-0.00584,0.262
,,,-0.0058,0.264
,,,-0.00576,0.264
,,,-0.00572,0.262
,,,-0.00568,0.264
,,,-0.00564,0.264
,,,-0.0056,0.262
,,,-0.00556,0.262
,,,-0.00552,0.264
,,,-0.00548,0.262
,,,-0.00544,0.262
,,,-0.0054,0.262
,,,-0.00536,0.262
,,,-0.00532,0.262
,,,-0.00528,0.262
,,,-0.00524,0.262
,,,-0.0052,0.262
,,,-0.00516,0.262
,,,-0.00512,0.262
,,,-0.00508,0.264
,,,-0.00504,0.262
,,,-0.005,0.262
,,,-0.00496,0.262
,,,-0.00492,0.262
,,,-0.00488,0.262
,,,-0.00484,0.262
,,,-0.0048,0.262
,,,-0.00476,0.264
,,,-0.00472,0.264
,,,-0.00468,0.26
,,,-0.00464,0.262
,,,-0.0046,0.262
,,,-0.00456,0.258
,,,-0.00452,0.26
,,,-0.00448,0.26
,,,-0.00444,0.262
,,,-0.0044,0.26
,,,-0.00436,0.262
,,,-0.00432,0.258
,,,-0.00428,0.26
,,,-0.00424,0.262
,,,-0.0042,0.26
,,,-0.00416,0.26
,,,-0.00412,0.258
,,,-0.00408,0.262
,,,-0.00404,0.258
,,,-0.004,0.258
,,,-0.00396,0.258
,,,-0.00392,0.258
,,,-0.00388,0.258
,,,-0.00384,0.258
,,,-0.0038,0.258
,,,-0.00376,0.258
,,,-0.00372,0.258
,,,-0.00368,0.258
,,,-0.00364,0.258
,,,-0.0036,0.256
,,,-0.00356,0.256
,,,-0.00352,0.256
,,,-0.00348,0.258
,,,-0.00344,0.256
,,,-0.0034,0.256
,,,-0.00336,0.256
,,,-0.00332,0.254
,,,-0.00328,0.256
,,,-0.00324,0.252
,,,-0.0032,0.256
,,,-0.00316,0.252
,,,-0.00312,0.252
,,,-0.00308,0.25
,,,-0.00304,0.254
,,,-0.003,0.252
,,,-0.00296,0.25
,,,-0.00292,0.252
,,,-0.00288,0.25
,,,-0.00284,0.25
,,,-0.0028,0.248
,,,-0.00276,0.248
,,,-0.00272,0.248
,,,-0.00268,0.246
,,,-0.00264,0.246
,,,-0.0026,0.248
,,,-0.00256,0.246
,,,-0.00252,0.242
,,,-0.00248,0.242
,,,-0.00244,0.242
,,,-0.0024,0.242
,,,-0.00236,0.24
,,,-0.00232,0.238
,,,-0.00228,0.238
,,,-0.00224,0.238
,,,-0.0022,0.236
,,,-0.00216,0.234
,,,-0.00212,0.234
,,,-0.00208,0.232
,,,-0.00204,0.23
,,,-0.002,0.23
,,,-0.00196,0.228
,,,-0.00192,0.226
,,,-0.00188,0.224
,,,-0.00184,0.224
,,,-0.0018,0.222
,,,-0.00176,0.22
,,,-0.00172,0.22
,,,-0.00168,0.218
,,,-0.00164,0.216
,,,-0.0016,0.214
,,,-0.00156,0.214
,,,-0.00152,0.21
,,,-0.00148,0.21
,,,-0.00144,0.208
,,,-0.0014,0.206
,,,-0.00136,0.204
,,,-0.00132,0.202
,,,-0.00128,0.2
,,,-0.00124,0.198
,,,-0.0012,0.196
,,,-0.00116,0.196
,,,-0.00112,0.194
,,,-0.00108,0.19
,,,-0.00104,0.19
,,,-0.001,0.188
,,,-0.00096,0.184
,,,-0.00092,0.182
,,,-0.00088,0.18
,,,-0.00084,0.178
,,,-0.0008,0.176
,,,-0.00076,0.174
,,,-0.00072,0.17
,,,-0.00068,0.17
,,,-0.00064,0.168
,,,-0.0006,0.168
,,,-0.00056,0.164
,,,-0.00052,0.162
,,,-0.00048,0.158
,,,-0.00044,0.156
,,,-0.0004,0.156
,,,-0.00036,0.15
,,,-0.00032,0.152
,,,-0.00028,0.15
,,,-0.00024,0.144
,,,-0.0002,0.144
,,,-0.00016,0.142
,,,-0.00012,0.14
,,,-0.00008,0.138
,,,-0.00004,0.136
,,,0,0.134
,,,00.000040000000,0.132
,,,00.000080000000,0.13
,,,00.000120000000,0.126
,,,00.000160000000,0.126
,,,00.000200000000,0.124
,,,00.000240000000,0.124
,,,00.000280000000,0.12
,,,00.000320000000,0.12
,,,00.000360000000,0.118
,,,00.000400000000,0.116
,,,00.000440000000,0.114
,,,00.000480000000,0.114
,,,00.000520000000,0.112
,,,00.000560000000,0.112
,,,00.000600000000,0.108
,,,00.000640000000,0.106
,,,00.000680000000,0.106
,,,00.000720000000,0.104
,,,00.000760000000,0.1
,,,00.000800000000,0.102
,,,00.000840000000,0.1
,,,00.000880000000,0.098
,,,00.000920000000,0.098
,,,00.000960000000,0.098
,,,00.001000000000,0.098
,,,00.001040000000,0.094
,,,00.001080000000,0.094
,,,00.001120000000,0.094
,,,00.001160000000,0.092
,,,00.001200000000,0.092
,,,00.001240000000,0.09
,,,00.001280000000,0.09
,,,00.001320000000,0.09
,,,00.001360000000,0.088
,,,00.001400000000,0.086
,,,00.001440000000,0.086
,,,00.001480000000,0.086
,,,00.001520000000,0.088
,,,00.001560000000,0.088
,,,00.001600000000,0.086
,,,00.001640000000,0.086
,,,00.001680000000,0.084
,,,00.001720000000,0.086
,,,00.001760000000,0.084
,,,00.001800000000,0.084
,,,00.001840000000,0.082
,,,00.001880000000,0.084
,,,00.001920000000,0.082
,,,00.001960000000,0.082
,,,00.002000000000,0.082
,,,00.002040000000,0.084
,,,00.002080000000,0.082
,,,00.002120000000,0.084
,,,00.002160000000,0.082
,,,00.002200000000,0.084
,,,00.002240000000,0.084
,,,00.002280000000,0.086
,,,00.002320000000,0.086
,,,00.002360000000,0.084
,,,00.002400000000,0.086
,,,00.002440000000,0.084
,,,00.002480000000,0.086
,,,00.002520000000,0.086
,,,00.002560000000,0.088
,,,00.002600000000,0.088
,,,00.002640000000,0.09
,,,00.002680000000,0.088
,,,00.002720000000,0.09
,,,00.002760000000,0.09
,,,00.002800000000,0.09
,,,00.002840000000,0.092
,,,00.002880000000,0.094
,,,00.002920000000,0.096
,,,00.002960000000,0.096
,,,00.003000000000,0.098
,,,00.003040000000,0.098
,,,00.003080000000,0.1
,,,00.003120000000,0.102
,,,00.003160000000,0.102
,,,00.003200000000,0.102
,,,00.003240000000,0.104
,,,00.003280000000,0.104
,,,00.003320000000,0.106
,,,00.003360000000,0.108
,,,00.003400000000,0.112
,,,00.003440000000,0.112
,,,00.003480000000,0.114
,,,00.003520000000,0.114
,,,00.003560000000,0.118
,,,00.003600000000,0.118
,,,00.003640000000,0.118
,,,00.003680000000,0.12
,,,00.003720000000,0.124
,,,00.003760000000,0.126
,,,00.003800000000,0.126
,,,00.003840000000,0.128
,,,00.003880000000,0.132
,,,00.003920000000,0.132
,,,00.003960000000,0.136
,,,00.004000000000,0.136
,,,00.004040000000,0.138
,,,00.004080000000,0.14
,,,00.004120000000,0.144
,,,00.004160000000,0.146
,,,00.004200000000,0.146
,,,00.004240000000,0.148
,,,00.004280000000,0.15
,,,00.004320000000,0.154
,,,00.004360000000,0.156
,,,00.004400000000,0.156
,,,00.004440000000,0.16
,,,00.004480000000,0.162
,,,00.004520000000,0.164
,,,00.004560000000,0.166
,,,00.004600000000,0.17
,,,00.004640000000,0.172
,,,00.004680000000,0.174
,,,00.004720000000,0.174
,,,00.004760000000,0.178
,,,00.004800000000,0.18
,,,00.004840000000,0.182
,,,00.004880000000,0.182
,,,00.004920000000,0.186
,,,00.004960000000,0.188
,,,00.005000000000,0.19
,,,00.005040000000,0.194
,,,00.005080000000,0.192
,,,00.005120000000,0.196
,,,00.005160000000,0.196
,,,00.005200000000,0.2
,,,00.005240000000,0.2
,,,00.005280000000,0.204
,,,00.005320000000,0.204
,,,00.005360000000,0.206
,,,00.005400000000,0.208
,,,00.005440000000,0.21
,,,00.005480000000,0.212
,,,00.005520000000,0.214
,,,00.005560000000,0.214
,,,00.005600000000,0.216
,,,00.005640000000,0.216
,,,00.005680000000,0.22
,,,00.005720000000,0.218
,,,00.005760000000,0.22
,,,00.005800000000,0.222
,,,00.005840000000,0.222
,,,00.005880000000,0.224
,,,00.005920000000,0.226
,,,00.005960000000,0.228
,,,00.006000000000,0.23
,,,00.006040000000,0.23
,,,00.006080000000,0.232
,,,00.006120000000,0.232
,,,00.006160000000,0.234
,,,00.006200000000,0.234
,,,00.006240000000,0.236
,,,00.006280000000,0.238
,,,00.006320000000,0.238
,,,00.006360000000,0.238
,,,00.006400000000,0.236
,,,00.006440000000,0.24
,,,00.006480000000,0.24
,,,00.006520000000,0.24
,,,00.006560000000,0.244
,,,00.006600000000,0.242
,,,00.006640000000,0.244
,,,00.006680000000,0.244
,,,00.006720000000,0.246
,,,00.006760000000,0.246
,,,00.006800000000,0.246
,,,00.006840000000,0.246
,,,00.006880000000,0.248
,,,00.006920000000,0.248
,,,00.006960000000,0.248
,,,00.007000000000,0.25
,,,00.007040000000,0.248
,,,00.007080000000,0.248
,,,00.007120000000,0.25
,,,00.007160000000,0.25
,,,00.007200000000,0.252
,,,00.007240000000,0.252
,,,00.007280000000,0.252
,,,00.007320000000,0.252
,,,00.007360000000,0.252
,,,00.007400000000,0.252
,,,00.007440000000,0.252
,,,00.007480000000,0.254
,,,00.007520000000,0.254
,,,00.007560000000,0.252
,,,00.007600000000,0.254
,,,00.007640000000,0.252
,,,00.007680000000,0.254
,,,00.007720000000,0.254
,,,00.007760000000,0.254
,,,00.007800000000,0.254
,,,00.007840000000,0.254
,,,00.007880000000,0.254
,,,00.007920000000,0.254
,,,00.007960000000,0.254
,,,00.008000000000,0.256
,,,00.008040000000,0.254
,,,00.008080000000,0.254
,,,00.008120000000,0.254
,,,00.008160000000,0.254
,,,00.008200000000,0.256
,,,00.008240000000,0.256
,,,00.008280000000,0.256
,,,00.008320000000,0.254
,,,00.008360000000,0.256
,,,00.008400000000,0.256
,,,00.008440000000,0.256
,,,00.008480000000,0.256
,,,00.008520000000,0.256
,,,00.008560000000,0.256
,,,00.008600000000,0.254
,,,00.008640000000,0.258
,,,00.008680000000,0.256
,,,00.008720000000,0.256
,,,00.008760000000,0.256
,,,00.008800000000,0.256
,,,00.008840000000,0.258
,,,00.008880000000,0.258
,,,00.008920000000,0.254
,,,00.008960000000,0.256
,,,00.009000000000,0.256
,,,00.009040000000,0.256
,,,00.009080000000,0.256
,,,00.009120000000,0.256
,,,00.009160000000,0.254
,,,00.009200000000,0.256
,,,00.009240000000,0.256
,,,00.009280000000,0.258
,,,00.009320000000,0.254
,,,00.009360000000,0.256
,,,00.009400000000,0.254
,,,00.009440000000,0.256
,,,00.009480000000,0.256
,,,00.009520000000,0.256
,,,00.009560000000,0.256
,,,00.009600000000,0.256
,,,00.009640000000,0.256
,,,00.009680000000,0.256
,,,00.009720000000,0.256
,,,00.009760000000,0.256
,,,00.009800000000,0.256
,,,00.009840000000,0.256
,,,00.009880000000,0.256
,,,00.009920000000,0.256
,,,00.009960000000,0.254
,,,00.010000000000,0.258
,,,00.010040000000,0.256
,,,00.010080000000,0.256
,,,00.010120000000,0.256
,,,00.010160000000,0.256
,,,00.010200000000,0.256
,,,00.010240000000,0.256
,,,00.010280000000,0.256
,,,00.010320000000,0.256
,,,00.010360000000,0.258
,,,00.010400000000,0.256
,,,00.010440000000,0.256
,,,00.010480000000,0.256
,,,00.010520000000,0.254
,,,00.010560000000,0.254
,,,00.010600000000,0.254
,,,00.010640000000,0.256
,,,00.010680000000,0.254
,,,00.010720000000,0.256
,,,00.010760000000,0.256
,,,00.010800000000,0.256
,,,00.010840000000,0.256
,,,00.010880000000,0.254
,,,00.010920000000,0.254
,,,00.010960000000,0.256
,,,00.011000000000,0.256
,,,00.011040000000,0.256
,,,00.011080000000,0.256
,,,00.011120000000,0.254
,,,00.011160000000,0.254
,,,00.011200000000,0.254
,,,00.011240000000,0.256
,,,00.011280000000,0.254
,,,00.011320000000,0.254
,,,00.011360000000,0.256
,,,00.011400000000,0.256
,,,00.011440000000,0.256
,,,00.011480000000,0.254
,,,00.011520000000,0.256
,,,00.011560000000,0.254
,,,00.011600000000,0.256
,,,00.011640000000,0.254
,,,00.011680000000,0.254
,,,00.011720000000,0.254
,,,00.011760000000,0.256
,,,00.011800000000,0.256
,,,00.011840000000,0.256
,,,00.011880000000,0.254
,,,00.011920000000,0.254
,,,00.011960000000,0.256
,,,00.012000000000,0.254
,,,00.012040000000,0.256
,,,00.012080000000,0.254
,,,00.012120000000,0.256
,,,00.012160000000,0.254
,,,00.012200000000,0.254
,,,00.012240000000,0.256
,,,00.012280000000,0.256
,,,00.012320000000,0.254
,,,00.012360000000,0.254
,,,00.012400000000,0.254
,,,00.012440000000,0.254
,,,00.012480000000,0.254
,,,00.012520000000,0.254
,,,00.012560000000,0.254
,,,00.012600000000,0.254
,,,00.012640000000,0.254
,,,00.012680000000,0.254
,,,00.012720000000,0.254
,,,00.012760000000,0.254
,,,00.012800000000,0.254
,,,00.012840000000,0.254
,,,00.012880000000,0.254
,,,00.012920000000,0.254
,,,00.012960000000,0.254
,,,00.013000000000,0.254
,,,00.013040000000,0.254
,,,00.013080000000,0.256
,,,00.013120000000,0.254
,,,00.013160000000,0.256
,,,00.013200000000,0.254
,,,00.013240000000,0.254
,,,00.013280000000,0.254
,,,00.013320000000,0.254
,,,00.013360000000,0.254
,,,00.013400000000,0.254
,,,00.013440000000,0.254
,,,00.013480000000,0.254
,,,00.013520000000,0.254
,,,00.013560000000,0.254
,,,00.013600000000,0.254
,,,00.013640000000,0.254
,,,00.013680000000,0.254
,,,00.013720000000,0.254
,,,00.013760000000,0.254
,,,00.013800000000,0.254
,,,00.013840000000,0.252
,,,00.013880000000,0.256
,,,00.013920000000,0.254
,,,00.013960000000,0.254
,,,00.014000000000,0.252
,,,00.014040000000,0.252
,,,00.014080000000,0.252
,,,00.014120000000,0.254
,,,00.014160000000,0.254
,,,00.014200000000,0.254
,,,00.014240000000,0.252
,,,00.014280000000,0.252
,,,00.014320000000,0.252
,,,00.014360000000,0.252
,,,00.014400000000,0.254
,,,00.014440000000,0.252
,,,00.014480000000,0.252
,,,00.014520000000,0.254
,,,00.014560000000,0.252
,,,00.014600000000,0.254
,,,00.014640000000,0.252
,,,00.014680000000,0.252
,,,00.014720000000,0.252
,,,00.014760000000,0.252
,,,00.014800000000,0.254
,,,00.014840000000,0.252
,,,00.014880000000,0.252
,,,00.014920000000,0.252
,,,00.014960000000,0.254
,,,00.015000000000,0.254
,,,00.015040000000,0.254
,,,00.015080000000,0.252
,,,00.015120000000,0.254
,,,00.015160000000,0.252
,,,00.015200000000,0.254
,,,00.015240000000,0.252
,,,00.015280000000,0.252
,,,00.015320000000,0.252
,,,00.015360000000,0.254
,,,00.015400000000,0.252
,,,00.015440000000,0.252
,,,00.015480000000,0.254
,,,00.015520000000,0.252
,,,00.015560000000,0.252
,,,00.015600000000,0.252
,,,00.015640000000,0.252
,,,00.015680000000,0.252
,,,00.015720000000,0.252
,,,00.015760000000,0.252
,,,00.015800000000,0.252
,,,00.015840000000,0.254
,,,00.015880000000,0.254
,,,00.015920000000,0.252
,,,00.015960000000,0.252
,,,00.016000000000,0.252
,,,00.016040000000,0.252
,,,00.016080000000,0.252
,,,00.016120000000,0.252
,,,00.016160000000,0.252
,,,00.016200000000,0.254
,,,00.016240000000,0.252
,,,00.016280000000,0.25
,,,00.016320000000,0.25
,,,00.016360000000,0.25
,,,00.016400000000,0.254
,,,00.016440000000,0.25
,,,00.016480000000,0.25
,,,00.016520000000,0.252
,,,00.016560000000,0.252
,,,00.016600000000,0.252
,,,00.016640000000,0.252
,,,00.016680000000,0.25
,,,00.016720000000,0.248
,,,00.016760000000,0.252
,,,00.016800000000,0.252
,,,00.016840000000,0.25
,,,00.016880000000,0.252
,,,00.016920000000,0.252
,,,00.016960000000,0.25
,,,00.017000000000,0.25
,,,00.017040000000,0.25
,,,00.017080000000,0.252
,,,00.017120000000,0.25
,,,00.017160000000,0.25
,,,00.017200000000,0.25
,,,00.017240000000,0.25
,,,00.017280000000,0.25
,,,00.017320000000,0.25
,,,00.017360000000,0.248
,,,00.017400000000,0.248
,,,00.017440000000,0.248
,,,00.017480000000,0.248
,,,00.017520000000,0.248
,,,00.017560000000,0.248
,,,00.017600000000,0.248
,,,00.017640000000,0.248
,,,00.017680000000,0.248
,,,00.017720000000,0.248
,,,00.017760000000,0.248
,,,00.017800000000,0.248
,,,00.017840000000,0.248
,,,00.017880000000,0.246
,,,00.017920000000,0.246
,,,00.017960000000,0.248
,,,00.018000000000,0.246
,,,00.018040000000,0.246
,,,00.018080000000,0.246
,,,00.018120000000,0.246
,,,00.018160000000,0.244
,,,00.018200000000,0.246
,,,00.018240000000,0.244
,,,00.018280000000,0.244
,,,00.018320000000,0.242
,,,00.018360000000,0.244
,,,00.018400000000,0.244
,,,00.018440000000,0.242
,,,00.018480000000,0.24
,,,00.018520000000,0.24
,,,00.018560000000,0.24
,,,00.018600000000,0.24
,,,00.018640000000,0.238
,,,00.018680000000,0.24
,,,00.018720000000,0.238
,,,00.018760000000,0.238
,,,00.018800000000,0.238
,,,00.018840000000,0.238
,,,00.018880000000,0.238
,,,00.018920000000,0.234
,,,00.018960000000,0.234
,,,00.019000000000,0.236
,,,00.019040000000,0.236
,,,00.019080000000,0.236
,,,00.019120000000,0.234
,,,00.019160000000,0.234
,,,00.019200000000,0.234
,,,00.019240000000,0.234
,,,00.019280000000,0.23
,,,00.019320000000,0.23
,,,00.019360000000,0.232
,,,00.019400000000,0.23
,,,00.019440000000,0.23
,,,00.019480000000,0.228
,,,00.019520000000,0.226
,,,00.019560000000,0.228
,,,00.019600000000,0.228
,,,00.019640000000,0.226
,,,00.019680000000,0.222
,,,00.019720000000,0.222
,,,00.019760000000,0.222
,,,00.019800000000,0.222
,,,00.019840000000,0.222
,,,00.019880000000,0.22
,,,00.019920000000,0.22
,,,00.019960000000,0.22
,,,00.020000000000,0.218
,,,00.020040000000,0.216
,,,00.020080000000,0.216
,,,00.020120000000,0.216
,,,00.020160000000,0.214
,,,00.020200000000,0.212
,,,00.020240000000,0.212
,,,00.020280000000,0.212
,,,00.020320000000,0.21
,,,00.020360000000,0.21
,,,00.020400000000,0.21
,,,00.020440000000,0.208
,,,00.020480000000,0.206
,,,00.020520000000,0.206
,,,00.020560000000,0.206
,,,00.020600000000,0.206
,,,00.020640000000,0.204
,,,00.020680000000,0.202
,,,00.020720000000,0.2
,,,00.020760000000,0.2
,,,00.020800000000,0.2
,,,00.020840000000,0.2
,,,00.020880000000,0.198
,,,00.020920000000,0.196
,,,00.020960000000,0.198
,,,00.021000000000,0.196
,,,00.021040000000,0.196
,,,00.021080000000,0.194
,,,00.021120000000,0.192
,,,00.021160000000,0.192
,,,00.021200000000,0.192
,,,00.021240000000,0.192
,,,00.021280000000,0.188
,,,00.021320000000,0.188
,,,00.021360000000,0.19
,,,00.021400000000,0.188
,,,00.021440000000,0.186
,,,00.021480000000,0.186
,,,00.021520000000,0.184
,,,00.021560000000,0.186
,,,00.021600000000,0.184
,,,00.021640000000,0.184
,,,00.021680000000,0.182
,,,00.021720000000,0.184
,,,00.021760000000,0.182
,,,00.021800000000,0.18
,,,00.021840000000,0.182
,,,00.021880000000,0.182
,,,00.021920000000,0.18
,,,00.021960000000,0.18
,,,00.022000000000,0.178
,,,00.022040000000,0.178
,,,00.022080000000,0.178
,,,00.022120000000,0.178
,,,00.022160000000,0.178
,,,00.022200000000,0.178
,,,00.022240000000,0.176
,,,00.022280000000,0.178
,,,00.022320000000,0.178
,,,00.022360000000,0.176
,,,00.022400000000,0.176
,,,00.022440000000,0.176
,,,00.022480000000,0.174
,,,00.022520000000,0.174
,,,00.022560000000,0.176
,,,00.022600000000,0.174
,,,00.022640000000,0.174
,,,00.022680000000,0.174
,,,00.022720000000,0.174
,,,00.022760000000,0.174
,,,00.022800000000,0.174
,,,00.022840000000,0.176
,,,00.022880000000,0.174
,,,00.022920000000,0.176
,,,00.022960000000,0.174
,,,00.023000000000,0.174
,,,00.023040000000,0.174
,,,00.023080000000,0.174
,,,00.023120000000,0.176
,,,00.023160000000,0.176
,,,00.023200000000,0.176
,,,00.023240000000,0.176
,,,00.023280000000,0.176
,,,00.023320000000,0.178
,,,00.023360000000,0.176
,,,00.023400000000,0.176
,,,00.023440000000,0.178
,,,00.023480000000,0.178
,,,00.023520000000,0.178
,,,00.023560000000,0.178
,,,00.023600000000,0.178
,,,00.023640000000,0.18
,,,00.023680000000,0.18
,,,00.023720000000,0.18
,,,00.023760000000,0.182
,,,00.023800000000,0.182
,,,00.023840000000,0.182
,,,00.023880000000,0.184
,,,00.023920000000,0.184
,,,00.023960000000,0.184
,,,00.024000000000,0.186
,,,00.024040000000,0.184
,,,00.024080000000,0.188
,,,00.024120000000,0.188
,,,00.024160000000,0.188
,,,00.024200000000,0.19
,,,00.024240000000,0.188
,,,00.024280000000,0.19
,,,00.024320000000,0.19
,,,00.024360000000,0.192
,,,00.024400000000,0.192
,,,00.024440000000,0.194
,,,00.024480000000,0.192
,,,00.024520000000,0.196
,,,00.024560000000,0.196
,,,00.024600000000,0.198
,,,00.024640000000,0.196
,,,00.024680000000,0.198
,,,00.024720000000,0.198
,,,00.024760000000,0.198
,,,00.024800000000,0.2
,,,00.024840000000,0.202
,,,00.024880000000,0.202
,,,00.024920000000,0.204
,,,00.024960000000,0.204
,,,00.025000000000,0.204
,,,00.025040000000,0.204
,,,00.025080000000,0.208
,,,00.025120000000,0.208
,,,00.025160000000,0.208
,,,00.025200000000,0.208
,,,00.025240000000,0.21
,,,00.025280000000,0.21
,,,00.025320000000,0.21
,,,00.025360000000,0.212
,,,00.025400000000,0.212
,,,00.025440000000,0.214
,,,00.025480000000,0.214
,,,00.025520000000,0.214
,,,00.025560000000,0.216
,,,00.025600000000,0.216
,,,00.025640000000,0.216
,,,00.025680000000,0.218
,,,00.025720000000,0.22
,,,00.025760000000,0.218
,,,00.025800000000,0.22
,,,00.025840000000,0.22
,,,00.025880000000,0.22
,,,00.025920000000,0.222
,,,00.025960000000,0.222
,,,00.026000000000,0.222
,,,00.026040000000,0.224
,,,00.026080000000,0.224
,,,00.026120000000,0.224
,,,00.026160000000,0.226
,,,00.026200000000,0.226
,,,00.026240000000,0.228
,,,00.026280000000,0.226
,,,00.026320000000,0.228
,,,00.026360000000,0.228
,,,00.026400000000,0.23
,,,00.026440000000,0.23
,,,00.026480000000,0.23
,,,00.026520000000,0.23
,,,00.026560000000,0.23
,,,00.026600000000,0.232
,,,00.026640000000,0.23
,,,00.026680000000,0.23
,,,00.026720000000,0.234
,,,00.026760000000,0.234
,,,00.026800000000,0.234
,,,00.026840000000,0.234
,,,00.026880000000,0.234
,,,00.026920000000,0.236
,,,00.026960000000,0.236
,,,00.027000000000,0.236
,,,00.027040000000,0.236
,,,00.027080000000,0.236
,,,00.027120000000,0.236
,,,00.027160000000,0.236
,,,00.027200000000,0.236
,,,00.027240000000,0.238
,,,00.027280000000,0.238
,,,00.027320000000,0.238
,,,00.027360000000,0.236
,,,00.027400000000,0.236
,,,00.027440000000,0.238
,,,00.027480000000,0.24
,,,00.027520000000,0.238
,,,00.027560000000,0.24
,,,00.027600000000,0.24
,,,00.027640000000,0.24
,,,00.027680000000,0.24
,,,00.027720000000,0.24
,,,00.027760000000,0.24
,,,00.027800000000,0.238
,,,00.027840000000,0.24
,,,00.027880000000,0.238
,,,00.027920000000,0.242
,,,00.027960000000,0.24
,,,00.028000000000,0.24
,,,00.028040000000,0.242
,,,00.028080000000,0.24
,,,00.028120000000,0.24
,,,00.028160000000,0.24
,,,00.028200000000,0.242
,,,00.028240000000,0.24
,,,00.028280000000,0.242
,,,00.028320000000,0.244
,,,00.028360000000,0.242
,,,00.028400000000,0.24
,,,00.028440000000,0.242
,,,00.028480000000,0.24
,,,00.028520000000,0.242
,,,00.028560000000,0.242
,,,00.028600000000,0.242
,,,00.028640000000,0.24
,,,00.028680000000,0.242
,,,00.028720000000,0.242
,,,00.028760000000,0.24
,,,00.028800000000,0.242
,,,00.028840000000,0.242
,,,00.028880000000,0.24
,,,00.028920000000,0.24
,,,00.028960000000,0.242
,,,00.029000000000,0.24
,,,00.029040000000,0.244
,,,00.029080000000,0.24
,,,00.029120000000,0.24
,,,00.029160000000,0.24
,,,00.029200000000,0.24
,,,00.029240000000,0.24
,,,00.029280000000,0.242
,,,00.029320000000,0.242
,,,00.029360000000,0.244
,,,00.029400000000,0.24
,,,00.029440000000,0.242
,,,00.029480000000,0.24
,,,00.029520000000,0.24
,,,00.029560000000,0.24
,,,00.029600000000,0.24
,,,00.029640000000,0.242
,,,00.029680000000,0.242
,,,00.029720000000,0.242
,,,00.029760000000,0.242
,,,00.029800000000,0.242
,,,00.029840000000,0.24
,,,00.029880000000,0.242
,,,00.029920000000,0.242
,,,00.029960000000,0.24
,,,00.030000000000,0.242
,,,00.030040000000,0.24
,,,00.030080000000,0.24
,,,00.030120000000,0.242
,,,00.030160000000,0.24
,,,00.030200000000,0.24
,,,00.030240000000,0.24
,,,00.030280000000,0.242
,,,00.030320000000,0.242
,,,00.030360000000,0.24
,,,00.030400000000,0.24
,,,00.030440000000,0.24
,,,00.030480000000,0.24
,,,00.030520000000,0.24
,,,00.030560000000,0.24
,,,00.030600000000,0.24
,,,00.030640000000,0.24
,,,00.030680000000,0.24
,,,00.030720000000,0.242
,,,00.030760000000,0.24
,,,00.030800000000,0.242
,,,00.030840000000,0.242
,,,00.030880000000,0.242
,,,00.030920000000,0.24
,,,00.030960000000,0.24
,,,00.031000000000,0.24
,,,00.031040000000,0.242
,,,00.031080000000,0.24
,,,00.031120000000,0.24
,,,00.031160000000,0.24
,,,00.031200000000,0.24
,,,00.031240000000,0.24
,,,00.031280000000,0.24
,,,00.031320000000,0.24
,,,00.031360000000,0.24
,,,00.031400000000,0.24
,,,00.031440000000,0.24
,,,00.031480000000,0.24
,,,00.031520000000,0.24
,,,00.031560000000,0.238
,,,00.031600000000,0.24
,,,00.031640000000,0.238
,,,00.031680000000,0.24
,,,00.031720000000,0.24
,,,00.031760000000,0.24
,,,00.031800000000,0.24
,,,00.031840000000,0.24
,,,00.031880000000,0.24
,,,00.031920000000,0.24
,,,00.031960000000,0.24
,,,00.032000000000,0.24
,,,00.032040000000,0.24
,,,00.032080000000,0.238
,,,00.032120000000,0.24
,,,00.032160000000,0.238
,,,00.032200000000,0.24
,,,00.032240000000,0.24
,,,00.032280000000,0.24
,,,00.032320000000,0.24
,,,00.032360000000,0.24
,,,00.032400000000,0.24
,,,00.032440000000,0.238
,,,00.032480000000,0.238
,,,00.032520000000,0.238
,,,00.032560000000,0.24
,,,00.032600000000,0.24
,,,00.032640000000,0.24
,,,00.032680000000,0.24
,,,00.032720000000,0.24
,,,00.032760000000,0.238
,,,00.032800000000,0.238
,,,00.032840000000,0.238
,,,00.032880000000,0.238
,,,00.032920000000,0.238
,,,00.032960000000,0.238
,,,00.033000000000,0.238
,,,00.033040000000,0.238
,,,00.033080000000,0.238
,,,00.033120000000,0.24
,,,00.033160000000,0.238
,,,00.033200000000,0.238
,,,00.033240000000,0.238
,,,00.033280000000,0.238
,,,00.033320000000,0.24
,,,00.033360000000,0.238
,,,00.033400000000,0.238
,,,00.033440000000,0.24
,,,00.033480000000,0.238
,,,00.033520000000,0.238
,,,00.033560000000,0.238
,,,00.033600000000,0.238
,,,00.033640000000,0.238
,,,00.033680000000,0.238
,,,00.033720000000,0.236
,,,00.033760000000,0.238
,,,00.033800000000,0.238
,,,00.033840000000,0.24
,,,00.033880000000,0.238
,,,00.033920000000,0.238
,,,00.033960000000,0.24
,,,00.034000000000,0.24
,,,00.034040000000,0.236
,,,00.034080000000,0.238
,,,00.034120000000,0.238
,,,00.034160000000,0.238
,,,00.034200000000,0.236
,,,00.034240000000,0.24
,,,00.034280000000,0.238
,,,00.034320000000,0.238
,,,00.034360000000,0.238
,,,00.034400000000,0.238
,,,00.034440000000,0.238
,,,00.034480000000,0.238
,,,00.034520000000,0.238
,,,00.034560000000,0.236
,,,00.034600000000,0.238
,,,00.034640000000,0.236
,,,00.034680000000,0.236
,,,00.034720000000,0.238
,,,00.034760000000,0.236
,,,00.034800000000,0.238
,,,00.034840000000,0.238
,,,00.034880000000,0.236
,,,00.034920000000,0.236
,,,00.034960000000,0.238
,,,00.035000000000,0.238
,,,00.035040000000,0.236
,,,00.035080000000,0.238
,,,00.035120000000,0.236
,,,00.035160000000,0.236
,,,00.035200000000,0.236
,,,00.035240000000,0.238
,,,00.035280000000,0.238
,,,00.035320000000,0.238
,,,00.035360000000,0.236
,,,00.035400000000,0.238
,,,00.035440000000,0.236
,,,00.035480000000,0.238
,,,00.035520000000,0.238
,,,00.035560000000,0.236
,,,00.035600000000,0.236
,,,00.035640000000,0.236
,,,00.035680000000,0.238
,,,00.035720000000,0.236
,,,00.035760000000,0.236
,,,00.035800000000,0.236
,,,00.035840000000,0.236
,,,00.035880000000,0.236
,,,00.035920000000,0.236
,,,00.035960000000,0.238
,,,00.036000000000,0.238
,,,00.036040000000,0.238
,,,00.036080000000,0.236
,,,00.036120000000,0.236
,,,00.036160000000,0.236
,,,00.036200000000,0.238
,,,00.036240000000,0.236
,,,00.036280000000,0.236
,,,00.036320000000,0.236
,,,00.036360000000,0.236
,,,00.036400000000,0.236
,,,00.036440000000,0.236
,,,00.036480000000,0.236
,,,00.036520000000,0.236
,,,00.036560000000,0.236
,,,00.036600000000,0.236
,,,00.036640000000,0.234
,,,00.036680000000,0.236
,,,00.036720000000,0.234
,,,00.036760000000,0.236
,,,00.036800000000,0.238
,,,00.036840000000,0.238
,,,00.036880000000,0.236
,,,00.036920000000,0.236
,,,00.036960000000,0.236
,,,00.037000000000,0.238
,,,00.037040000000,0.234
,,,00.037080000000,0.234
,,,00.037120000000,0.236
,,,00.037160000000,0.236
,,,00.037200000000,0.236
,,,00.037240000000,0.236
,,,00.037280000000,0.234
,,,00.037320000000,0.236
,,,00.037360000000,0.236
,,,00.037400000000,0.234
,,,00.037440000000,0.236
,,,00.037480000000,0.236
,,,00.037520000000,0.234
,,,00.037560000000,0.234
,,,00.037600000000,0.234
,,,00.037640000000,0.234
,,,00.037680000000,0.236
,,,00.037720000000,0.234
,,,00.037760000000,0.236
,,,00.037800000000,0.234
,,,00.037840000000,0.234
,,,00.037880000000,0.234
,,,00.037920000000,0.236
,,,00.037960000000,0.236
,,,00.038000000000,0.236
,,,00.038040000000,0.234
,,,00.038080000000,0.234
,,,00.038120000000,0.234
,,,00.038160000000,0.234
,,,00.038200000000,0.234
,,,00.038240000000,0.234
,,,00.038280000000,0.234
,,,00.038320000000,0.232
,,,00.038360000000,0.234
,,,00.038400000000,0.234
,,,00.038440000000,0.234
,,,00.038480000000,0.236
,,,00.038520000000,0.232
,,,00.038560000000,0.234
,,,00.038600000000,0.234
,,,00.038640000000,0.234
,,,00.038680000000,0.234
,,,00.038720000000,0.234
,,,00.038760000000,0.234
,,,00.038800000000,0.232
,,,00.038840000000,0.234
,,,00.038880000000,0.232
,,,00.038920000000,0.236
,,,00.038960000000,0.234
,,,00.039000000000,0.234
,,,00.039040000000,0.234
,,,00.039080000000,0.234
,,,00.039120000000,0.234
,,,00.039160000000,0.234
,,,00.039200000000,0.232
,,,00.039240000000,0.232
,,,00.039280000000,0.232
,,,00.039320000000,0.234
,,,00.039360000000,0.234
,,,00.039400000000,0.234
,,,00.039440000000,0.232
,,,00.039480000000,0.234
,,,00.039520000000,0.234
,,,00.039560000000,0.232
,,,00.039600000000,0.234
,,,00.039640000000,0.232
,,,00.039680000000,0.234
,,,00.039720000000,0.232
,,,00.039760000000,0.232
,,,00.039800000000,0.234
,,,00.039840000000,0.234
,,,00.039880000000,0.234
,,,00.039920000000,0.232
,,,00.039960000000,0.234
,,,00.040000000000,0.232
,,,00.040040000000,0.232
,,,00.040080000000,0.234
,,,00.040120000000,0.232
,,,00.040160000000,0.232
,,,00.040200000000,0.23
,,,00.040240000000,0.232
,,,00.040280000000,0.234
,,,00.040320000000,0.234
,,,00.040360000000,0.232
,,,00.040400000000,0.232
,,,00.040440000000,0.232
,,,00.040480000000,0.232
,,,00.040520000000,0.232
,,,00.040560000000,0.232
,,,00.040600000000,0.232
,,,00.040640000000,0.232
,,,00.040680000000,0.23
,,,00.040720000000,0.234
,,,00.040760000000,0.232
,,,00.040800000000,0.232
,,,00.040840000000,0.232
,,,00.040880000000,0.232
,,,00.040920000000,0.232
,,,00.040960000000,0.232
,,,00.041000000000,0.232
,,,00.041040000000,0.23
,,,00.041080000000,0.232
,,,00.041120000000,0.232
,,,00.041160000000,0.23
,,,00.041200000000,0.23
,,,00.041240000000,0.232
,,,00.041280000000,0.232
,,,00.041320000000,0.23
,,,00.041360000000,0.232
,,,00.041400000000,0.232
,,,00.041440000000,0.232
,,,00.041480000000,0.232
,,,00.041520000000,0.232
,,,00.041560000000,0.232
,,,00.041600000000,0.232
,,,00.041640000000,0.232
,,,00.041680000000,0.23
,,,00.041720000000,0.23
,,,00.041760000000,0.232
,,,00.041800000000,0.23
,,,00.041840000000,0.232
,,,00.041880000000,0.232
,,,00.041920000000,0.23
,,,00.041960000000,0.232
,,,00.042000000000,0.232
,,,00.042040000000,0.234
,,,00.042080000000,0.23
,,,00.042120000000,0.228
,,,00.042160000000,0.23
,,,00.042200000000,0.23
,,,00.042240000000,0.23
,,,00.042280000000,0.23
,,,00.042320000000,0.23
,,,00.042360000000,0.232
,,,00.042400000000,0.23
,,,00.042440000000,0.23
,,,00.042480000000,0.23
,,,00.042520000000,0.23
,,,00.042560000000,0.23
,,,00.042600000000,0.23
,,,00.042640000000,0.23
,,,00.042680000000,0.232
,,,00.042720000000,0.23
,,,00.042760000000,0.23
,,,00.042800000000,0.228
,,,00.042840000000,0.23
,,,00.042880000000,0.23
,,,00.042920000000,0.23
,,,00.042960000000,0.23
,,,00.043000000000,0.23
,,,00.043040000000,0.232
,,,00.043080000000,0.23
,,,00.043120000000,0.23
,,,00.043160000000,0.23
,,,00.043200000000,0.228
,,,00.043240000000,0.23
,,,00.043280000000,0.228
,,,00.043320000000,0.23
,,,00.043360000000,0.228
,,,00.043400000000,0.23
,,,00.043440000000,0.23
,,,00.043480000000,0.23
,,,00.043520000000,0.23
,,,00.043560000000,0.228
,,,00.043600000000,0.23
,,,00.043640000000,0.23
,,,00.043680000000,0.228
,,,00.043720000000,0.23
,,,00.043760000000,0.23
,,,00.043800000000,0.228
,,,00.043840000000,0.228
,,,00.043880000000,0.228
,,,00.043920000000,0.228
,,,00.043960000000,0.23
,,,00.044000000000,0.23
,,,00.044040000000,0.228
,,,00.044080000000,0.23
,,,00.044120000000,0.23
,,,00.044160000000,0.23
,,,00.044200000000,0.23
,,,00.044240000000,0.23
,,,00.044280000000,0.228
,,,00.044320000000,0.228
,,,00.044360000000,0.228
,,,00.044400000000,0.228
,,,00.044440000000,0.23
,,,00.044480000000,0.228
,,,00.044520000000,0.228
,,,00.044560000000,0.228
,,,00.044600000000,0.228
,,,00.044640000000,0.228
,,,00.044680000000,0.228
,,,00.044720000000,0.228
,,,00.044760000000,0.228
,,,00.044800000000,0.23
,,,00.044840000000,0.228
,,,00.044880000000,0.23
,,,00.044920000000,0.228
,,,00.044960000000,0.228
,,,00.045000000000,0.228
,,,00.045040000000,0.228
,,,00.045080000000,0.228
,,,00.045120000000,0.23
,,,00.045160000000,0.228
,,,00.045200000000,0.228
,,,00.045240000000,0.228
,,,00.045280000000,0.226
,,,00.045320000000,0.23
,,,00.045360000000,0.226
,,,00.045400000000,0.226
,,,00.045440000000,0.228
,,,00.045480000000,0.23
,,,00.045520000000,0.228
,,,00.045560000000,0.228
,,,00.045600000000,0.228
,,,00.045640000000,0.228
,,,00.045680000000,0.228
,,,00.045720000000,0.226
,,,00.045760000000,0.226
,,,00.045800000000,0.228
,,,00.045840000000,0.228
,,,00.045880000000,0.228
,,,00.045920000000,0.228
,,,00.045960000000,0.226
,,,00.046000000000,0.228
,,,00.046040000000,0.228
,,,00.046080000000,0.228
,,,00.046120000000,0.228
,,,00.046160000000,0.226
,,,00.046200000000,0.228
,,,00.046240000000,0.228
,,,00.046280000000,0.226
,,,00.046320000000,0.226
,,,00.046360000000,0.226
,,,00.046400000000,0.226
,,,00.046440000000,0.224
,,,00.046480000000,0.228
,,,00.046520000000,0.228
,,,00.046560000000,0.228
,,,00.046600000000,0.228
,,,00.046640000000,0.226
,,,00.046680000000,0.228
,,,00.046720000000,0.226
,,,00.046760000000,0.228
,,,00.046800000000,0.226
,,,00.046840000000,0.228
,,,00.046880000000,0.228
,,,00.046920000000,0.228
,,,00.046960000000,0.226
,,,00.047000000000,0.228
,,,00.047040000000,0.226
,,,00.047080000000,0.226
,,,00.047120000000,0.226
,,,00.047160000000,0.226
,,,00.047200000000,0.226
,,,00.047240000000,0.226
,,,00.047280000000,0.228
,,,00.047320000000,0.226
,,,00.047360000000,0.226
,,,00.047400000000,0.226
,,,00.047440000000,0.228
,,,00.047480000000,0.226
,,,00.047520000000,0.226
,,,00.047560000000,0.226
,,,00.047600000000,0.226
,,,00.047640000000,0.226
,,,00.047680000000,0.226
,,,00.047720000000,0.224
,,,00.047760000000,0.224
,,,00.047800000000,0.224
,,,00.047840000000,0.226
,,,00.047880000000,0.226
,,,00.047920000000,0.226
,,,00.047960000000,0.226
,,,00.048000000000,0.228
,,,00.048040000000,0.226
,,,00.048080000000,0.224
,,,00.048120000000,0.226
,,,00.048160000000,0.226
,,,00.048200000000,0.226
,,,00.048240000000,0.226
,,,00.048280000000,0.226
,,,00.048320000000,0.226
,,,00.048360000000,0.226
,,,00.048400000000,0.228
,,,00.048440000000,0.226
,,,00.048480000000,0.226
,,,00.048520000000,0.224
,,,00.048560000000,0.226
,,,00.048600000000,0.224
,,,00.048640000000,0.226
,,,00.048680000000,0.224
,,,00.048720000000,0.226
,,,00.048760000000,0.224
,,,00.048800000000,0.224
,,,00.048840000000,0.224
,,,00.048880000000,0.226
,,,00.048920000000,0.226
,,,00.048960000000,0.224
