-0.051,1.74,0.284
-0.05096,1.78,0.282
-0.05092,1.76,0.284
-0.05088,1.78,0.282
-0.05084,1.78,0.282
-0.0508,1.76,0.284
-0.05076,1.76,0.282
-0.05072,1.76,0.282
-0.05068,1.78,0.282
-0.05064,1.78,0.282
-0.0506,1.78,0.282
-0.05056,1.78,0.284
-0.05052,1.78,0.282
-0.05048,1.78,0.284
-0.05044,1.78,0.284
-0.0504,1.76,0.282
-0.05036,1.78,0.282
-0.05032,1.76,0.286
-0.05028,1.76,0.282
-0.05024,1.78,0.282
-0.0502,1.78,0.282
-0.05016,1.78,0.282
-0.05012,1.76,0.282
-0.05008,1.76,0.284
-0.05004,1.78,0.282
-0.05,1.76,0.282
-0.04996,1.78,0.282
-0.04992,1.74,0.282
-0.04988,1.76,0.282
-0.04984,1.78,0.282
-0.0498,1.76,0.282
-0.04976,1.76,0.282
-0.04972,1.76,0.282
-0.04968,1.76,0.282
-0.04964,1.76,0.282
-0.0496,1.76,0.282
-0.04956,1.78,0.282
-0.04952,1.78,0.282
-0.04948,1.76,0.282
-0.04944,1.76,0.282
-0.0494,1.78,0.282
-0.04936,1.76,0.282
-0.04932,1.78,0.282
-0.04928,1.76,0.282
-0.04924,1.76,0.282
-0.0492,1.76,0.282
-0.04916,1.76,0.282
-0.04912,1.76,0.282
-0.04908,1.76,0.282
-0.04904,1.76,0.282
-0.049,1.76,0.282
-0.04896,1.76,0.282
-0.04892,1.76,0.282
-0.04888,1.76,0.282
-0.04884,1.74,0.282
-0.0488,1.76,0.282
-0.04876,1.76,0.282
-0.04872,1.76,0.28
-0.04868,1.76,0.284
-0.04864,1.76,0.278
-0.0486,1.76,0.282
-0.04856,1.76,0.28
-0.04852,1.76,0.282
-0.04848,1.74,0.282
-0.04844,1.74,0.282
-0.0484,1.76,0.282
-0.04836,1.74,0.282
-0.04832,1.74,0.28
-0.04828,1.76,0.282
-0.04824,1.74,0.282
-0.0482,1.74,0.282
-0.04816,1.76,0.282
-0.04812,1.76,0.282
-0.04808,1.74,0.282
-0.04804,1.74,0.28
-0.048,1.74,0.28
-0.04796,1.74,0.28
-0.04792,1.74,0.282
-0.04788,1.74,0.28
-0.04784,1.74,0.282
-0.0478,1.74,0.282
-0.04776,1.74,0.28
-0.04772,1.76,0.282
-0.04768,1.74,0.282
-0.04764,1.76,0.28
-0.0476,1.74,0.28
-0.04756,1.74,0.282
-0.04752,1.74,0.282
-0.04748,1.74,0.282
-0.04744,1.76,0.28
-0.0474,1.74,0.28
-0.04736,1.74,0.282
-0.04732,1.74,0.282
-0.04728,1.74,0.28
-0.04724,1.74,0.282
-0.0472,1.76,0.282
-0.04716,1.74,0.278
-0.04712,1.74,0.282
-0.04708,1.74,0.282
-0.04704,1.74,0.282
-0.047,1.74,0.282
-0.04696,1.74,0.282
-0.04692,1.72,0.28
-0.04688,1.74,0.28
-0.04684,1.74,0.28
-0.0468,1.74,0.28
-0.04676,1.72,0.278
-0.04672,1.74,0.28
-0.04668,1.74,0.282
-0.04664,1.76,0.28
-0.0466,1.72,0.28
-0.04656,1.74,0.282
-0.04652,1.74,0.282
-0.04648,1.74,0.282
-0.04644,1.74,0.282
-0.0464,1.74,0.282
-0.04636,1.72,0.282
-0.04632,1.72,0.282
-0.04628,1.74,0.28
-0.04624,1.72,0.28
-0.0462,1.74,0.278
-0.04616,1.72,0.278
-0.04612,1.74,0.282
-0.04608,1.74,0.282
-0.04604,1.74,0.28
-0.046,1.74,0.28
-0.04596,1.74,0.28
-0.04592,1.74,0.282
-0.04588,1.72,0.28
-0.04584,1.74,0.28
-0.0458,1.72,0.28
-0.04576,1.72,0.278
-0.04572,1.72,0.28
-0.04568,1.72,0.28
-0.04564,1.74,0.278
-0.0456,1.72,0.28
-0.04556,1.7,0.278
-0.04552,1.72,0.278
-0.04548,1.72,0.28
-0.04544,1.72,0.278
-0.0454,1.74,0.278
-0.04536,1.72,0.28
-0.04532,1.74,0.28
-0.04528,1.74,0.28
-0.04524,1.72,0.278
-0.0452,1.72,0.278
-0.04516,1.72,0.278
-0.04512,1.72,0.278
-0.04508,1.72,0.278
-0.04504,1.72,0.28
-0.045,1.72,0.28
-0.04496,1.72,0.278
-0.04492,1.72,0.28
-0.04488,1.7,0.278
-0.04484,1.72,0.278
-0.0448,1.72,0.278
-0.04476,1.72,0.278
-0.04472,1.72,0.28
-0.04468,1.72,0.28
-0.04464,1.72,0.28
-0.0446,1.7,0.28
-0.04456,1.72,0.28
-0.04452,1.72,0.278
-0.04448,1.7,0.282
-0.04444,1.72,0.278
-0.0444,1.72,0.278
-0.04436,1.72,0.28
-0.04432,1.7,0.278
-0.04428,1.72,0.278
-0.04424,1.72,0.28
-0.0442,1.72,0.278
-0.04416,1.72,0.28
-0.04412,1.72,0.28
-0.04408,1.7,0.278
-0.04404,1.72,0.28
-0.044,1.7,0.278
-0.04396,1.72,0.278
-0.04392,1.68,0.278
-0.04388,1.7,0.278
-0.04384,1.7,0.28
-0.0438,1.7,0.28
-0.04376,1.7,0.278
-0.04372,1.72,0.278
-0.04368,1.7,0.278
-0.04364,1.7,0.278
-0.0436,1.72,0.278
-0.04356,1.7,0.278
-0.04352,1.7,0.278
-0.04348,1.7,0.278
-0.04344,1.7,0.278
-0.0434,1.72,0.278
-0.04336,1.68,0.28
-0.04332,1.72,0.278
-0.04328,1.68,0.278
-0.04324,1.72,0.278
-0.0432,1.68,0.278
-0.04316,1.68,0.278
-0.04312,1.7,0.278
-0.04308,1.7,0.278
-0.04304,1.68,0.278
-0.043,1.7,0.278
-0.04296,1.68,0.278
-0.04292,1.7,0.278
-0.04288,1.7,0.276
-0.04284,1.68,0.276
-0.0428,1.7,0.278
-0.04276,1.68,0.278
-0.04272,1.68,0.278
-0.04268,1.68,0.278
-0.04264,1.7,0.276
-0.0426,1.68,0.278
-0.04256,1.68,0.278
-0.04252,1.68,0.276
-0.04248,1.68,0.278
-0.04244,1.68,0.278
-0.0424,1.68,0.278
-0.04236,1.68,0.278
-0.04232,1.68,0.278
-0.04228,1.7,0.278
-0.04224,1.68,0.278
-0.0422,1.7,0.276
-0.04216,1.68,0.276
-0.04212,1.68,0.278
-0.04208,1.68,0.278
-0.04204,1.68,0.278
-0.042,1.66,0.278
-0.04196,1.66,0.278
-0.04192,1.68,0.278
-0.04188,1.68,0.276
-0.04184,1.68,0.278
-0.0418,1.68,0.276
-0.04176,1.66,0.276
-0.04172,1.66,0.276
-0.04168,1.68,0.276
-0.04164,1.66,0.278
-0.0416,1.68,0.276
-0.04156,1.66,0.276
-0.04152,1.68,0.276
-0.04148,1.66,0.278
-0.04144,1.68,0.278
-0.0414,1.68,0.276
-0.04136,1.66,0.276
-0.04132,1.66,0.278
-0.04128,1.68,0.276
-0.04124,1.66,0.278
-0.0412,1.66,0.274
-0.04116,1.66,0.278
-0.04112,1.66,0.276
-0.04108,1.68,0.276
-0.04104,1.66,0.276
-0.041,1.66,0.276
-0.04096,1.68,0.276
-0.04092,1.66,0.276
-0.04088,1.66,0.276
-0.04084,1.66,0.274
-0.0408,1.66,0.274
-0.04076,1.66,0.276
-0.04072,1.66,0.274
-0.04068,1.66,0.274
-0.04064,1.68,0.276
-0.0406,1.66,0.276
-0.04056,1.66,0.276
-0.04052,1.66,0.276
-0.04048,1.66,0.274
-0.04044,1.66,0.274
-0.0404,1.66,0.274
-0.04036,1.68,0.274
-0.04032,1.66,0.274
-0.04028,1.66,0.276
-0.04024,1.66,0.274
-0.0402,1.64,0.272
-0.04016,1.66,0.276
-0.04012,1.66,0.272
-0.04008,1.64,0.272
-0.04004,1.64,0.274
-0.04,1.64,0.274
-0.03996,1.66,0.272
-0.03992,1.64,0.272
-0.03988,1.64,0.272
-0.03984,1.66,0.272
-0.0398,1.64,0.272
-0.03976,1.66,0.272
-0.03972,1.64,0.27
-0.03968,1.64,0.27
-0.03964,1.64,0.272
-0.0396,1.64,0.272
-0.03956,1.62,0.27
-0.03952,1.62,0.268
-0.03948,1.62,0.27
-0.03944,1.62,0.27
-0.0394,1.64,0.27
-0.03936,1.62,0.268
-0.03932,1.62,0.268
-0.03928,1.64,0.266
-0.03924,1.62,0.268
-0.0392,1.6,0.268
-0.03916,1.62,0.266
-0.03912,1.62,0.268
-0.03908,1.62,0.268
-0.03904,1.62,0.266
-0.039,1.62,0.268
-0.03896,1.62,0.264
-0.03892,1.62,0.266
-0.03888,1.6,0.264
-0.03884,1.6,0.264
-0.0388,1.62,0.264
-0.03876,1.6,0.262
-0.03872,1.6,0.262
-0.03868,1.6,0.262
-0.03864,1.6,0.262
-0.0386,1.6,0.26
-0.03856,1.6,0.262
-0.03852,1.58,0.262
-0.03848,1.58,0.262
-0.03844,1.56,0.258
-0.0384,1.58,0.258
-0.03836,1.58,0.26
-0.03832,1.56,0.256
-0.03828,1.56,0.256
-0.03824,1.54,0.258
-0.0382,1.54,0.256
-0.03816,1.54,0.256
-0.03812,1.56,0.256
-0.03808,1.54,0.252
-0.03804,1.54,0.252
-0.038,1.54,0.252
-0.03796,1.54,0.25
-0.03792,1.54,0.25
-0.03788,1.54,0.25
-0.03784,1.54,0.25
-0.0378,1.52,0.248
-0.03776,1.52,0.246
-0.03772,1.52,0.246
-0.03768,1.52,0.244
-0.03764,1.5,0.244
-0.0376,1.52,0.244
-0.03756,1.5,0.242
-0.03752,1.52,0.242
-0.03748,1.52,0.24
-0.03744,1.5,0.24
-0.0374,1.5,0.24
-0.03736,1.48,0.24
-0.03732,1.46,0.238
-0.03728,1.48,0.238
-0.03724,1.46,0.236
-0.0372,1.46,0.236
-0.03716,1.44,0.234
-0.03712,1.44,0.234
-0.03708,1.44,0.232
-0.03704,1.44,0.23
-0.037,1.42,0.23
-0.03696,1.42,0.228
-0.03692,1.4,0.228
-0.03688,1.42,0.226
-0.03684,1.4,0.226
-0.0368,1.38,0.222
-0.03676,1.38,0.222
-0.03672,1.38,0.222
-0.03668,1.36,0.22
-0.03664,1.36,0.22
-0.0366,1.34,0.218
-0.03656,1.36,0.218
-0.03652,1.34,0.216
-0.03648,1.34,0.214
-0.03644,1.32,0.212
-0.0364,1.3,0.21
-0.03636,1.32,0.212
-0.03632,1.3,0.21
-0.03628,1.28,0.208
-0.03624,1.28,0.206
-0.0362,1.26,0.206
-0.03616,1.26,0.204
-0.03612,1.26,0.202
-0.03608,1.22,0.202
-0.03604,1.24,0.202
-0.036,1.22,0.198
-0.03596,1.18,0.2
-0.03592,1.18,0.196
-0.03588,1.18,0.194
-0.03584,1.16,0.194
-0.0358,1.16,0.192
-0.03576,1.14,0.192
-0.03572,1.16,0.19
-0.03568,1.14,0.19
-0.03564,1.12,0.186
-0.0356,1.1,0.184
-0.03556,1.1,0.184
-0.03552,1.1,0.182
-0.03548,1.06,0.182
-0.03544,1.04,0.18
-0.0354,1.02,0.178
-0.03536,1.02,0.178
-0.03532,1,0.178
-0.03528,1,0.176
-0.03524,0.96,0.174
-0.0352,0.94,0.172
-0.03516,0.94,0.172
-0.03512,0.94,0.168
-0.03508,0.92,0.168
-0.03504,0.9,0.168
-0.035,0.92,0.164
-0.03496,0.9,0.164
-0.03492,0.9,0.164
-0.03488,0.86,0.162
-0.03484,0.88,0.16
-0.0348,0.86,0.16
-0.03476,0.86,0.156
-0.03472,0.82,0.156
-0.03468,0.8,0.156
-0.03464,0.78,0.156
-0.0346,0.8,0.152
-0.03456,0.78,0.154
-0.03452,0.76,0.152
-0.03448,0.76,0.15
-0.03444,0.78,0.15
-0.0344,0.78,0.15
-0.03436,0.86,0.146
-0.03432,0.88,0.144
-0.03428,0.82,0.144
-0.03424,0.74,0.144
-0.0342,0.7,0.142
-0.03416,0.68,0.142
-0.03412,0.66,0.142
-0.03408,0.64,0.14
-0.03404,0.62,0.14
-0.034,0.62,0.138
-0.03396,0.62,0.138
-0.03392,0.62,0.136
-0.03388,0.62,0.136
-0.03384,0.64,0.136
-0.0338,0.66,0.134
-0.03376,0.68,0.134
-0.03372,0.74,0.134
-0.03368,0.82,0.132
-0.03364,0.96,0.132
-0.0336,1,0.132
-0.03356,0.86,0.128
-0.03352,0.68,0.13
-0.03348,0.6,0.128
-0.03344,0.54,0.128
-0.0334,0.52,0.128
-0.03336,0.48,0.126
-0.03332,0.44,0.128
-0.03328,0.42,0.128
-0.03324,0.4,0.128
-0.0332,0.36,0.126
-0.03316,0.36,0.126
-0.03312,0.32,0.126
-0.03308,0.32,0.126
-0.03304,0.3,0.126
-0.033,0.32,0.124
-0.03296,0.26,0.126
-0.03292,0.28,0.124
-0.03288,0.28,0.126
-0.03284,0.26,0.126
-0.0328,0.24,0.124
-0.03276,0.26,0.124
-0.03272,0.22,0.122
-0.03268,0.22,0.124
-0.03264,0.24,0.124
-0.0326,0.22,0.126
-0.03256,0.24,0.124
-0.03252,0.26,0.126
-0.03248,0.3,0.126
-0.03244,0.36,0.124
-0.0324,0.34,0.126
-0.03236,0.28,0.126
-0.03232,0.2,0.126
-0.03228,0.2,0.128
-0.03224,0.2,0.126
-0.0322,0.22,0.128
-0.03216,0.22,0.128
-0.03212,0.22,0.128
-0.03208,0.24,0.13
-0.03204,0.22,0.132
-0.032,0.24,0.13
-0.03196,0.24,0.132
-0.03192,0.26,0.134
-0.03188,0.26,0.134
-0.03184,0.26,0.134
-0.0318,0.28,0.134
-0.03176,0.28,0.136
-0.03172,0.28,0.136
-0.03168,0.3,0.138
-0.03164,0.3,0.138
-0.0316,0.3,0.14
-0.03156,0.32,0.14
-0.03152,0.34,0.14
-0.03148,0.34,0.142
-0.03144,0.36,0.142
-0.0314,0.36,0.144
-0.03136,0.38,0.146
-0.03132,0.4,0.148
-0.03128,0.42,0.146
-0.03124,0.4,0.15
-0.0312,0.42,0.15
-0.03116,0.44,0.152
-0.03112,0.46,0.154
-0.03108,0.52,0.154
-0.03104,0.48,0.158
-0.031,0.5,0.156
-0.03096,0.5,0.158
-0.03092,0.52,0.16
-0.03088,0.52,0.16
-0.03084,0.56,0.162
-0.0308,0.56,0.164
-0.03076,0.58,0.164
-0.03072,0.6,0.168
-0.03068,0.6,0.166
-0.03064,0.62,0.17
-0.0306,0.64,0.17
-0.03056,0.68,0.172
-0.03052,0.66,0.174
-0.03048,0.7,0.174
-0.03044,0.7,0.178
-0.0304,0.72,0.18
-0.03036,0.74,0.18
-0.03032,0.74,0.182
-0.03028,0.76,0.184
-0.03024,0.78,0.186
-0.0302,0.8,0.186
-0.03016,0.8,0.188
-0.03012,0.82,0.188
-0.03008,0.84,0.192
-0.03004,0.86,0.192
-0.03,0.88,0.194
-0.02996,0.9,0.196
-0.02992,0.92,0.198
-0.02988,0.92,0.198
-0.02984,0.94,0.2
-0.0298,0.94,0.2
-0.02976,0.96,0.202
-0.02972,0.98,0.206
-0.02968,0.98,0.208
-0.02964,1,0.206
-0.0296,1.04,0.21
-0.02956,1.04,0.21
-0.02952,1.04,0.212
-0.02948,1.06,0.214
-0.02944,1.06,0.216
-0.0294,1.1,0.216
-0.02936,1.12,0.218
-0.02932,1.12,0.22
-0.02928,1.12,0.22
-0.02924,1.14,0.22
-0.0292,1.16,0.222
-0.02916,1.18,0.222
-0.02912,1.18,0.224
-0.02908,1.18,0.226
-0.02904,1.2,0.226
-0.029,1.2,0.226
-0.02896,1.22,0.23
-0.02892,1.22,0.23
-0.02888,1.24,0.23
-0.02884,1.26,0.23
-0.0288,1.26,0.232
-0.02876,1.26,0.232
-0.02872,1.26,0.234
-0.02868,1.28,0.234
-0.02864,1.28,0.234
-0.0286,1.28,0.234
-0.02856,1.3,0.234
-0.02852,1.3,0.234
-0.02848,1.3,0.234
-0.02844,1.32,0.234
-0.0284,1.32,0.236
-0.02836,1.3,0.236
-0.02832,1.32,0.236
-0.02828,1.32,0.236
-0.02824,1.34,0.236
-0.0282,1.34,0.236
-0.02816,1.34,0.236
-0.02812,1.34,0.236
-0.02808,1.34,0.236
-0.02804,1.34,0.234
-0.028,1.34,0.234
-0.02796,1.34,0.234
-0.02792,1.34,0.234
-0.02788,1.34,0.234
-0.02784,1.34,0.232
-0.0278,1.34,0.232
-0.02776,1.32,0.232
-0.02772,1.32,0.23
-0.02768,1.32,0.23
-0.02764,1.32,0.228
-0.0276,1.32,0.228
-0.02756,1.3,0.226
-0.02752,1.32,0.226
-0.02748,1.28,0.222
-0.02744,1.28,0.222
-0.0274,1.28,0.22
-0.02736,1.26,0.22
-0.02732,1.26,0.218
-0.02728,1.28,0.216
-0.02724,1.24,0.216
-0.0272,1.24,0.216
-0.02716,1.24,0.212
-0.02712,1.22,0.21
-0.02708,1.22,0.21
-0.02704,1.18,0.208
-0.027,1.2,0.206
-0.02696,1.18,0.202
-0.02692,1.18,0.2
-0.02688,1.16,0.198
-0.02684,1.16,0.196
-0.0268,1.12,0.196
-0.02676,1.12,0.192
-0.02672,1.1,0.19
-0.02668,1.08,0.188
-0.02664,1.06,0.188
-0.0266,1.04,0.182
-0.02656,1.02,0.182
-0.02652,1,0.18
-0.02648,1,0.178
-0.02644,0.94,0.174
-0.0264,0.96,0.172
-0.02636,0.94,0.17
-0.02632,0.92,0.166
-0.02628,0.9,0.164
-0.02624,0.86,0.162
-0.0262,0.86,0.16
-0.02616,0.82,0.156
-0.02612,0.82,0.154
-0.02608,0.8,0.152
-0.02604,0.76,0.15
-0.026,0.74,0.146
-0.02596,0.74,0.142
-0.02592,0.68,0.14
-0.02588,0.68,0.14
-0.02584,0.62,0.134
-0.0258,0.62,0.136
-0.02576,0.6,0.13
-0.02572,0.56,0.128
-0.02568,0.54,0.124
-0.02564,0.52,0.122
-0.0256,0.5,0.12
-0.02556,0.46,0.118
-0.02552,0.44,0.112
-0.02548,0.4,0.112
-0.02544,0.38,0.11
-0.0254,0.34,0.108
-0.02536,0.32,0.106
-0.02532,0.3,0.104
-0.02528,0.28,0.1
-0.02524,0.22,0.098
-0.0252,0.22,0.096
-0.02516,0.2,0.096
-0.02512,0.16,0.094
-0.02508,0.14,0.09
-0.02504,0.12,0.09
-0.025,0.08,0.088
-0.02496,0.06,0.084
-0.02492,0.04,0.082
-0.02488,0.02,0.082
-0.02484,-0.02,0.08
-0.0248,-0.04,0.078
-0.02476,-0.08,0.076
-0.02472,-0.08,0.076
-0.02468,-0.12,0.074
-0.02464,-0.16,0.072
-0.0246,-0.18,0.07
-0.02456,-0.2,0.07
-0.02452,-0.22,0.068
-0.02448,-0.24,0.066
-0.02444,-0.26,0.066
-0.0244,-0.28,0.064
-0.02436,-0.3,0.062
-0.02432,-0.32,0.06
-0.02428,-0.34,0.062
-0.02424,-0.36,0.06
-0.0242,-0.36,0.058
-0.02416,-0.38,0.058
-0.02412,-0.4,0.056
-0.02408,-0.4,0.056
-0.02404,-0.42,0.056
-0.024,-0.44,0.054
-0.02396,-0.46,0.052
-0.02392,-0.46,0.052
-0.02388,-0.46,0.052
-0.02384,-0.44,0.052
-0.0238,-0.46,0.05
-0.02376,-0.48,0.05
-0.02372,-0.46,0.05
-0.02368,-0.5,0.048
-0.02364,-0.5,0.048
-0.0236,-0.48,0.048
-0.02356,-0.48,0.046
-0.02352,-0.48,0.048
-0.02348,-0.46,0.046
-0.02344,-0.42,0.046
-0.0234,-0.4,0.046
-0.02336,-0.32,0.044
-0.02332,-0.16,0.046
-0.02328,-0.18,0.044
-0.02324,-0.32,0.046
-0.0232,-0.36,0.046
-0.02316,-0.36,0.044
-0.02312,-0.28,0.046
-0.02308,-0.12,0.044
-0.02304,0.14,0.044
-0.023,0.14,0.042
-0.02296,-0.16,0.042
-0.02292,-0.4,0.042
-0.02288,-0.48,0.044
-0.02284,-0.56,0.044
-0.0228,-0.6,0.042
-0.02276,-0.66,0.046
-0.02272,-0.7,0.044
-0.02268,-0.72,0.044
-0.02264,-0.7,0.044
-0.0226,-0.72,0.042
-0.02256,-0.7,0.044
-0.02252,-0.66,0.044
-0.02248,-0.64,0.046
-0.02244,-0.74,0.046
-0.0224,-0.78,0.044
-0.02236,-0.82,0.046
-0.02232,-0.82,0.046
-0.02228,-0.82,0.046
-0.02224,-0.82,0.046
-0.0222,-0.82,0.046
-0.02216,-0.8,0.048
-0.02212,-0.8,0.048
-0.02208,-0.8,0.048
-0.02204,-0.78,0.048
-0.022,-0.78,0.048
-0.02196,-0.78,0.048
-0.02192,-0.76,0.05
-0.02188,-0.76,0.05
-0.02184,-0.72,0.052
-0.0218,-0.72,0.052
-0.02176,-0.72,0.054
-0.02172,-0.7,0.054
-0.02168,-0.7,0.056
-0.02164,-0.68,0.056
-0.0216,-0.66,0.056
-0.02156,-0.66,0.056
-0.02152,-0.66,0.058
-0.02148,-0.64,0.06
-0.02144,-0.62,0.06
-0.0214,-0.6,0.062
-0.02136,-0.6,0.064
-0.02132,-0.58,0.064
-0.02128,-0.54,0.064
-0.02124,-0.54,0.066
-0.0212,-0.54,0.066
-0.02116,-0.52,0.068
-0.02112,-0.48,0.072
-0.02108,-0.46,0.072
-0.02104,-0.44,0.076
-0.021,-0.42,0.074
-0.02096,-0.4,0.076
-0.02092,-0.36,0.08
-0.02088,-0.34,0.078
-0.02084,-0.32,0.082
-0.0208,-0.32,0.082
-0.02076,-0.3,0.086
-0.02072,-0.24,0.088
-0.02068,-0.24,0.088
-0.02064,-0.2,0.09
-0.0206,-0.2,0.094
-0.02056,-0.18,0.094
-0.02052,-0.14,0.098
-0.02048,-0.1,0.098
-0.02044,-0.08,0.102
-0.0204,-0.06,0.104
-0.02036,-0.04,0.106
-0.02032,0,0.108
-0.02028,0.02,0.11
-0.02024,0.06,0.114
-0.0202,0.06,0.116
-0.02016,0.06,0.116
-0.02012,0.12,0.12
-0.02008,0.14,0.124
-0.02004,0.18,0.126
-0.02,0.2,0.128
-0.01996,0.24,0.128
-0.01992,0.28,0.132
-0.01988,0.3,0.136
-0.01984,0.32,0.138
-0.0198,0.36,0.14
-0.01976,0.38,0.144
-0.01972,0.42,0.146
-0.01968,0.44,0.15
-0.01964,0.44,0.152
-0.0196,0.48,0.154
-0.01956,0.52,0.156
-0.01952,0.52,0.158
-0.01948,0.56,0.164
-0.01944,0.6,0.168
-0.0194,0.62,0.168
-0.01936,0.64,0.17
-0.01932,0.66,0.172
-0.01928,0.68,0.176
-0.01924,0.7,0.178
-0.0192,0.74,0.18
-0.01916,0.74,0.182
-0.01912,0.78,0.186
-0.01908,0.8,0.188
-0.01904,0.82,0.19
-0.019,0.84,0.194
-0.01896,0.86,0.196
-0.01892,0.9,0.198
-0.01888,0.9,0.198
-0.01884,0.92,0.202
-0.0188,0.96,0.202
-0.01876,0.98,0.208
-0.01872,0.98,0.208
-0.01868,1,0.212
-0.01864,1.02,0.212
-0.0186,1.02,0.214
-0.01856,1.06,0.216
-0.01852,1.06,0.218
-0.01848,1.08,0.218
-0.01844,1.12,0.222
-0.0184,1.12,0.222
-0.01836,1.12,0.226
-0.01832,1.16,0.228
-0.01828,1.14,0.228
-0.01824,1.18,0.23
-0.0182,1.18,0.232
-0.01816,1.2,0.234
-0.01812,1.22,0.234
-0.01808,1.22,0.238
-0.01804,1.26,0.238
-0.018,1.24,0.238
-0.01796,1.26,0.24
-0.01792,1.26,0.24
-0.01788,1.28,0.24
-0.01784,1.28,0.246
-0.0178,1.28,0.244
-0.01776,1.28,0.244
-0.01772,1.3,0.246
-0.01768,1.3,0.248
-0.01764,1.3,0.248
-0.0176,1.32,0.248
-0.01756,1.32,0.25
-0.01752,1.34,0.248
-0.01748,1.36,0.25
-0.01744,1.36,0.254
-0.0174,1.36,0.252
-0.01736,1.36,0.254
-0.01732,1.36,0.254
-0.01728,1.36,0.254
-0.01724,1.34,0.254
-0.0172,1.36,0.254
-0.01716,1.36,0.256
-0.01712,1.4,0.256
-0.01708,1.4,0.258
-0.01704,1.38,0.258
-0.017,1.4,0.258
-0.01696,1.38,0.258
-0.01692,1.4,0.258
-0.01688,1.4,0.26
-0.01684,1.4,0.26
-0.0168,1.4,0.262
-0.01676,1.42,0.258
-0.01672,1.42,0.262
-0.01668,1.42,0.262
-0.01664,1.4,0.262
-0.0166,1.4,0.26
-0.01656,1.4,0.264
-0.01652,1.42,0.262
-0.01648,1.42,0.262
-0.01644,1.4,0.262
-0.0164,1.42,0.264
-0.01636,1.42,0.264
-0.01632,1.42,0.262
-0.01628,1.42,0.264
-0.01624,1.42,0.262
-0.0162,1.42,0.264
-0.01616,1.42,0.264
-0.01612,1.42,0.262
-0.01608,1.42,0.264
-0.01604,1.42,0.264
-0.016,1.42,0.264
-0.01596,1.42,0.264
-0.01592,1.42,0.264
-0.01588,1.44,0.264
-0.01584,1.42,0.266
-0.0158,1.44,0.266
-0.01576,1.42,0.266
-0.01572,1.42,0.266
-0.01568,1.42,0.264
-0.01564,1.42,0.264
-0.0156,1.42,0.264
-0.01556,1.42,0.266
-0.01552,1.42,0.266
-0.01548,1.4,0.266
-0.01544,1.44,0.264
-0.0154,1.42,0.266
-0.01536,1.42,0.262
-0.01532,1.42,0.266
-0.01528,1.44,0.264
-0.01524,1.4,0.266
-0.0152,1.4,0.266
-0.01516,1.42,0.264
-0.01512,1.42,0.266
-0.01508,1.42,0.266
-0.01504,1.44,0.264
-0.015,1.4,0.268
-0.01496,1.44,0.266
-0.01492,1.44,0.266
-0.01488,1.42,0.264
-0.01484,1.42,0.266
-0.0148,1.42,0.264
-0.01476,1.42,0.266
-0.01472,1.4,0.266
-0.01468,1.42,0.264
-0.01464,1.42,0.264
-0.0146,1.42,0.266
-0.01456,1.44,0.266
-0.01452,1.44,0.266
-0.01448,1.42,0.264
-0.01444,1.44,0.266
-0.0144,1.42,0.264
-0.01436,1.4,0.264
-0.01432,1.42,0.266
-0.01428,1.42,0.266
-0.01424,1.44,0.264
-0.0142,1.42,0.266
-0.01416,1.42,0.264
-0.01412,1.42,0.266
-0.01408,1.4,0.266
-0.01404,1.42,0.264
-0.014,1.42,0.266
-0.01396,1.42,0.266
-0.01392,1.42,0.266
-0.01388,1.4,0.266
-0.01384,1.42,0.268
-0.0138,1.42,0.266
-0.01376,1.42,0.266
-0.01372,1.42,0.266
-0.01368,1.42,0.266
-0.01364,1.42,0.266
-0.0136,1.42,0.264
-0.01356,1.42,0.266
-0.01352,1.42,0.266
-0.01348,1.42,0.266
-0.01344,1.42,0.264
-0.0134,1.42,0.264
-0.01336,1.44,0.266
-0.01332,1.42,0.266
-0.01328,1.4,0.264
-0.01324,1.4,0.266
-0.0132,1.42,0.266
-0.01316,1.4,0.266
-0.01312,1.42,0.264
-0.01308,1.4,0.264
-0.01304,1.4,0.264
-0.013,1.42,0.264
-0.01296,1.4,0.266
-0.01292,1.4,0.264
-0.01288,1.4,0.266
-0.01284,1.42,0.264
-0.0128,1.4,0.266
-0.01276,1.4,0.264
-0.01272,1.42,0.266
-0.01268,1.42,0.264
-0.01264,1.4,0.264
-0.0126,1.42,0.264
-0.01256,1.4,0.266
-0.01252,1.4,0.264
-0.01248,1.42,0.266
-0.01244,1.4,0.266
-0.0124,1.4,0.266
-0.01236,1.4,0.266
-0.01232,1.4,0.264
-0.01228,1.42,0.264
-0.01224,1.4,0.264
-0.0122,1.4,0.266
-0.01216,1.4,0.264
-0.01212,1.4,0.266
-0.01208,1.4,0.264
-0.01204,1.4,0.264
-0.012,1.42,0.262
-0.01196,1.42,0.264
-0.01192,1.4,0.264
-0.01188,1.4,0.266
-0.01184,1.4,0.266
-0.0118,1.4,0.264
-0.01176,1.38,0.264
-0.01172,1.38,0.264
-0.01168,1.38,0.264
-0.01164,1.4,0.262
-0.0116,1.4,0.262
-0.01156,1.4,0.266
-0.01152,1.38,0.264
-0.01148,1.38,0.264
-0.01144,1.4,0.264
-0.0114,1.4,0.264
-0.01136,1.38,0.264
-0.01132,1.4,0.266
-0.01128,1.4,0.264
-0.01124,1.38,0.266
-0.0112,1.4,0.266
-0.01116,1.4,0.266
-0.01112,1.4,0.266
-0.01108,1.38,0.264
-0.01104,1.38,0.264
-0.011,1.4,0.266
-0.01096,1.4,0.266
-0.01092,1.38,0.264
-0.01088,1.38,0.264
-0.01084,1.38,0.264
-0.0108,1.4,0.264
-0.01076,1.4,0.266
-0.01072,1.38,0.262
-0.01068,1.38,0.264
-0.01064,1.38,0.264
-0.0106,1.38,0.266
-0.01056,1.38,0.266
-0.01052,1.4,0.264
-0.01048,1.38,0.264
-0.01044,1.38,0.264
-0.0104,1.38,0.264
-0.01036,1.4,0.262
-0.01032,1.38,0.264
-0.01028,1.38,0.264
-0.01024,1.36,0.264
-0.0102,1.38,0.264
-0.01016,1.38,0.264
-0.01012,1.38,0.262
-0.01008,1.38,0.264
-0.01004,1.36,0.264
-0.01,1.36,0.264
-0.00996,1.38,0.264
-0.00992,1.4,0.264
-0.00988,1.38,0.264
-0.00984,1.36,0.264
-0.0098,1.38,0.264
-0.00976,1.38,0.264
-0.00972,1.38,0.264
-0.00968,1.36,0.264
-0.00964,1.38,0.264
-0.0096,1.36,0.264
-0.00956,1.38,0.264
-0.00952,1.38,0.262
-0.00948,1.38,0.264
-0.00944,1.38,0.264
-0.0094,1.38,0.262
-0.00936,1.38,0.264
-0.00932,1.36,0.262
-0.00928,1.38,0.264
-0.00924,1.38,0.264
-0.0092,1.38,0.266
-0.00916,1.36,0.264
-0.00912,1.4,0.262
-0.00908,1.36,0.264
-0.00904,1.36,0.264
-0.009,1.36,0.264
-0.00896,1.36,0.262
-0.00892,1.36,0.264
-0.00888,1.36,0.264
-0.00884,1.36,0.264
-0.0088,1.36,0.264
-0.00876,1.38,0.264
-0.00872,1.36,0.264
-0.00868,1.38,0.262
-0.00864,1.36,0.264
-0.0086,1.36,0.266
-0.00856,1.36,0.266
-0.00852,1.36,0.264
-0.00848,1.36,0.264
-0.00844,1.36,0.264
-0.0084,1.36,0.264
-0.00836,1.36,0.264
-0.00832,1.36,0.264
-0.00828,1.36,0.264
-0.00824,1.36,0.266
-0.0082,1.36,0.264
-0.00816,1.38,0.264
-0.00812,1.36,0.264
-0.00808,1.36,0.264
-0.00804,1.36,0.264
-0.008,1.36,0.264
-0.00796,1.36,0.264
-0.00792,1.36,0.264
-0.00788,1.34,0.264
-0.00784,1.36,0.264
-0.0078,1.36,0.264
-0.00776,1.36,0.264
-0.00772,1.36,0.264
-0.00768,1.34,0.264
-0.00764,1.36,0.264
-0.0076,1.36,0.262
-0.00756,1.36,0.264
-0.00752,1.34,0.266
-0.00748,1.36,0.264
-0.00744,1.36,0.264
-0.0074,1.36,0.264
-0.00736,1.34,0.262
-0.00732,1.36,0.264
-0.00728,1.36,0.262
-0.00724,1.36,0.264
-0.0072,1.36,0.264
-0.00716,1.36,0.264
-0.00712,1.36,0.264
-0.00708,1.36,0.264
-0.00704,1.36,0.264
-0.007,1.36,0.264
-0.00696,1.34,0.264
-0.00692,1.36,0.264
-0.00688,1.36,0.262
-0.00684,1.36,0.264
-0.0068,1.34,0.264
-0.00676,1.36,0.262
-0.00672,1.36,0.264
-0.00668,1.36,0.264
-0.00664,1.34,0.264
-0.0066,1.34,0.262
-0.00656,1.34,0.264
-0.00652,1.36,0.262
-0.00648,1.34,0.262
-0.00644,1.36,0.262
-0.0064,1.36,0.262
-0.00636,1.36,0.262
-0.00632,1.34,0.264
-0.00628,1.34,0.264
-0.00624,1.34,0.264
-0.0062,1.34,0.262
-0.00616,1.34,0.262
-0.00612,1.34,0.264
-0.00608,1.34,0.262
-0.00604,1.34,0.262
-0.006,1.34,0.262
-0.00596,1.34,0.262
-0.00592,1.36,0.264
-0.00588,1.34,0.264
-0.00584,1.34,0.262
-0.0058,1.34,0.264
-0.00576,1.34,0.264
-0.00572,1.34,0.262
-0.00568,1.36,0.264
-0.00564,1.34,0.264
-0.0056,1.34,0.262
-0.00556,1.34,0.262
-0.00552,1.32,0.264
-0.00548,1.34,0.262
-0.00544,1.32,0.262
-0.0054,1.32,0.262
-0.00536,1.34,0.262
-0.00532,1.34,0.262
-0.00528,1.34,0.262
-0.00524,1.34,0.262
-0.0052,1.34,0.262
-0.00516,1.36,0.262
-0.00512,1.32,0.262
-0.00508,1.32,0.264
-0.00504,1.34,0.262
-0.005,1.34,0.262
-0.00496,1.34,0.262
-0.00492,1.34,0.262
-0.00488,1.32,0.262
-0.00484,1.32,0.262
-0.0048,1.34,0.262
-0.00476,1.32,0.264
-0.00472,1.34,0.264
-0.00468,1.32,0.26
-0.00464,1.34,0.262
-0.0046,1.34,0.262
-0.00456,1.34,0.258
-0.00452,1.34,0.26
-0.00448,1.32,0.26
-0.00444,1.32,0.262
-0.0044,1.3,0.26
-0.00436,1.32,0.262
-0.00432,1.3,0.258
-0.00428,1.34,0.26
-0.00424,1.32,0.262
-0.0042,1.32,0.26
-0.00416,1.3,0.26
-0.00412,1.32,0.258
-0.00408,1.34,0.262
-0.00404,1.3,0.258
-0.004,1.32,0.258
-0.00396,1.3,0.258
-0.00392,1.3,0.258
-0.00388,1.3,0.258
-0.00384,1.3,0.258
-0.0038,1.3,0.258
-0.00376,1.28,0.258
-0.00372,1.3,0.258
-0.00368,1.28,0.258
-0.00364,1.3,0.258
-0.0036,1.3,0.256
-0.00356,1.28,0.256
-0.00352,1.26,0.256
-0.00348,1.3,0.258
-0.00344,1.28,0.256
-0.0034,1.28,0.256
-0.00336,1.28,0.256
-0.00332,1.3,0.254
-0.00328,1.28,0.256
-0.00324,1.28,0.252
-0.0032,1.28,0.256
-0.00316,1.28,0.252
-0.00312,1.28,0.252
-0.00308,1.28,0.25
-0.00304,1.28,0.254
-0.003,1.28,0.252
-0.00296,1.28,0.25
-0.00292,1.26,0.252
-0.00288,1.28,0.25
-0.00284,1.28,0.25
-0.0028,1.26,0.248
-0.00276,1.24,0.248
-0.00272,1.26,0.248
-0.00268,1.26,0.246
-0.00264,1.24,0.246
-0.0026,1.24,0.248
-0.00256,1.24,0.246
-0.00252,1.24,0.242
-0.00248,1.24,0.242
-0.00244,1.22,0.242
-0.0024,1.22,0.242
-0.00236,1.22,0.24
-0.00232,1.22,0.238
-0.00228,1.22,0.238
-0.00224,1.22,0.238
-0.0022,1.22,0.236
-0.00216,1.22,0.234
-0.00212,1.18,0.234
-0.00208,1.22,0.232
-0.00204,1.18,0.23
-0.002,1.18,0.23
-0.00196,1.16,0.228
-0.00192,1.18,0.226
-0.00188,1.16,0.224
-0.00184,1.16,0.224
-0.0018,1.16,0.222
-0.00176,1.14,0.22
-0.00172,1.16,0.22
-0.00168,1.12,0.218
-0.00164,1.12,0.216
-0.0016,1.08,0.214
-0.00156,1.12,0.214
-0.00152,1.1,0.21
-0.00148,1.1,0.21
-0.00144,1.08,0.208
-0.0014,1.08,0.206
-0.00136,1.06,0.204
-0.00132,1.06,0.202
-0.00128,1.08,0.2
-0.00124,1.04,0.198
-0.0012,1.04,0.196
-0.00116,1.02,0.196
-0.00112,1.02,0.194
-0.00108,1.02,0.19
-0.00104,1,0.19
-0.001,1,0.188
-0.00096,1,0.184
-0.00092,0.98,0.182
-0.00088,0.98,0.18
-0.00084,0.96,0.178
-0.0008,0.94,0.176
-0.00076,0.94,0.174
-0.00072,0.94,0.17
-0.00068,0.92,0.17
-0.00064,0.92,0.168
-0.0006,0.9,0.168
-0.00056,0.9,0.164
-0.00052,0.86,0.162
-0.00048,0.88,0.158
-0.00044,0.86,0.156
-0.0004,0.86,0.156
-0.00036,0.84,0.15
-0.00032,0.84,0.152
-0.00028,0.8,0.15
-0.00024,0.84,0.144
-0.0002,0.8,0.144
-0.00016,0.8,0.142
-0.00012,0.8,0.14
-0.00008,0.78,0.138
-0.00004,0.76,0.136
0,0.76,0.134
00.000040000000,0.76,0.132
00.000080000000,0.74,0.13
00.000120000000,0.74,0.126
00.000160000000,0.72,0.126
00.000200000000,0.7,0.124
00.000240000000,0.7,0.124
00.000280000000,0.7,0.12
00.000320000000,0.68,0.12
00.000360000000,0.66,0.118
00.000400000000,0.66,0.116
00.000440000000,0.64,0.114
00.000480000000,0.62,0.114
00.000520000000,0.64,0.112
00.000560000000,0.64,0.112
00.000600000000,0.62,0.108
00.000640000000,0.62,0.106
00.000680000000,0.6,0.106
00.000720000000,0.58,0.104
00.000760000000,0.56,0.1
00.000800000000,0.58,0.102
00.000840000000,0.56,0.1
00.000880000000,0.56,0.098
00.000920000000,0.58,0.098
00.000960000000,0.56,0.098
00.001000000000,0.54,0.098
00.001040000000,0.54,0.094
00.001080000000,0.56,0.094
00.001120000000,0.54,0.094
00.001160000000,0.54,0.092
00.001200000000,0.54,0.092
00.001240000000,0.54,0.09
00.001280000000,0.56,0.09
00.001320000000,0.54,0.09
00.001360000000,0.54,0.088
00.001400000000,0.52,0.086
00.001440000000,0.54,0.086
00.001480000000,0.56,0.086
00.001520000000,0.56,0.088
00.001560000000,0.58,0.088
00.001600000000,0.6,0.086
00.001640000000,0.62,0.086
00.001680000000,0.66,0.084
00.001720000000,0.68,0.086
00.001760000000,0.72,0.084
00.001800000000,0.72,0.084
00.001840000000,0.7,0.082
00.001880000000,0.72,0.084
00.001920000000,0.74,0.082
00.001960000000,0.76,0.082
00.002000000000,0.76,0.082
00.002040000000,0.76,0.084
00.002080000000,0.76,0.082
00.002120000000,0.72,0.084
00.002160000000,0.74,0.082
00.002200000000,0.74,0.084
00.002240000000,0.7,0.084
00.002280000000,0.68,0.086
00.002320000000,0.66,0.086
00.002360000000,0.66,0.084
00.002400000000,0.64,0.086
00.002440000000,0.64,0.084
00.002480000000,0.62,0.086
00.002520000000,0.62,0.086
00.002560000000,0.6,0.088
00.002600000000,0.6,0.088
00.002640000000,0.58,0.09
00.002680000000,0.58,0.088
00.002720000000,0.56,0.09
00.002760000000,0.58,0.09
00.002800000000,0.56,0.09
00.002840000000,0.56,0.092
00.002880000000,0.56,0.094
00.002920000000,0.58,0.096
00.002960000000,0.58,0.096
00.003000000000,0.56,0.098
00.003040000000,0.56,0.098
00.003080000000,0.58,0.1
00.003120000000,0.58,0.102
00.003160000000,0.58,0.102
00.003200000000,0.6,0.102
00.003240000000,0.6,0.104
00.003280000000,0.62,0.104
00.003320000000,0.6,0.106
00.003360000000,0.62,0.108
00.003400000000,0.62,0.112
00.003440000000,0.64,0.112
00.003480000000,0.64,0.114
00.003520000000,0.66,0.114
00.003560000000,0.68,0.118
00.003600000000,0.66,0.118
00.003640000000,0.68,0.118
00.003680000000,0.68,0.12
00.003720000000,0.7,0.124
00.003760000000,0.7,0.126
00.003800000000,0.7,0.126
00.003840000000,0.7,0.128
00.003880000000,0.72,0.132
00.003920000000,0.74,0.132
00.003960000000,0.72,0.136
00.004000000000,0.76,0.136
00.004040000000,0.76,0.138
00.004080000000,0.78,0.14
00.004120000000,0.8,0.144
00.004160000000,0.78,0.146
00.004200000000,0.78,0.146
00.004240000000,0.82,0.148
00.004280000000,0.82,0.15
00.004320000000,0.84,0.154
00.004360000000,0.82,0.156
00.004400000000,0.82,0.156
00.004440000000,0.84,0.16
00.004480000000,0.86,0.162
00.004520000000,0.86,0.164
00.004560000000,0.86,0.166
00.004600000000,0.88,0.17
00.004640000000,0.88,0.172
00.004680000000,0.9,0.174
00.004720000000,0.92,0.174
00.004760000000,0.92,0.178
00.004800000000,0.92,0.18
00.004840000000,0.92,0.182
00.004880000000,0.94,0.182
00.004920000000,0.92,0.186
00.004960000000,0.96,0.188
00.005000000000,0.96,0.19
00.005040000000,0.98,0.194
00.005080000000,0.98,0.192
00.005120000000,0.98,0.196
00.005160000000,0.98,0.196
00.005200000000,1,0.2
00.005240000000,1,0.2
00.005280000000,1.02,0.204
00.005320000000,1,0.204
00.005360000000,1.02,0.206
00.005400000000,1.02,0.208
00.005440000000,1.02,0.21
00.005480000000,1.02,0.212
00.005520000000,1.04,0.214
00.005560000000,1.02,0.214
00.005600000000,1.04,0.216
00.005640000000,1.06,0.216
00.005680000000,1.04,0.22
00.005720000000,1.08,0.218
00.005760000000,1.08,0.22
00.005800000000,1.06,0.222
00.005840000000,1.08,0.222
00.005880000000,1.08,0.224
00.005920000000,1.1,0.226
00.005960000000,1.1,0.228
00.006000000000,1.1,0.23
00.006040000000,1.12,0.23
00.006080000000,1.1,0.232
00.006120000000,1.1,0.232
00.006160000000,1.12,0.234
00.006200000000,1.12,0.234
00.006240000000,1.12,0.236
00.006280000000,1.12,0.238
00.006320000000,1.14,0.238
00.006360000000,1.12,0.238
00.006400000000,1.12,0.236
00.006440000000,1.12,0.24
00.006480000000,1.14,0.24
00.006520000000,1.14,0.24
00.006560000000,1.14,0.244
00.006600000000,1.12,0.242
00.006640000000,1.16,0.244
00.006680000000,1.14,0.244
00.006720000000,1.14,0.246
00.006760000000,1.16,0.246
00.006800000000,1.14,0.246
00.006840000000,1.14,0.246
00.006880000000,1.14,0.248
00.006920000000,1.14,0.248
00.006960000000,1.16,0.248
00.007000000000,1.14,0.25
00.007040000000,1.16,0.248
00.007080000000,1.16,0.248
00.007120000000,1.16,0.25
00.007160000000,1.14,0.25
00.007200000000,1.16,0.252
00.007240000000,1.16,0.252
00.007280000000,1.16,0.252
00.007320000000,1.18,0.252
00.007360000000,1.16,0.252
00.007400000000,1.16,0.252
00.007440000000,1.16,0.252
00.007480000000,1.16,0.254
00.007520000000,1.16,0.254
00.007560000000,1.16,0.252
00.007600000000,1.14,0.254
00.007640000000,1.16,0.252
00.007680000000,1.18,0.254
00.007720000000,1.16,0.254
00.007760000000,1.14,0.254
00.007800000000,1.16,0.254
00.007840000000,1.16,0.254
00.007880000000,1.14,0.254
00.007920000000,1.14,0.254
00.007960000000,1.14,0.254
00.008000000000,1.16,0.256
00.008040000000,1.14,0.254
00.008080000000,1.16,0.254
00.008120000000,1.16,0.254
00.008160000000,1.16,0.254
00.008200000000,1.16,0.256
00.008240000000,1.16,0.256
00.008280000000,1.16,0.256
00.008320000000,1.16,0.254
00.008360000000,1.16,0.256
00.008400000000,1.16,0.256
00.008440000000,1.16,0.256
00.008480000000,1.14,0.256
00.008520000000,1.16,0.256
00.008560000000,1.16,0.256
00.008600000000,1.16,0.254
00.008640000000,1.14,0.258
00.008680000000,1.14,0.256
00.008720000000,1.16,0.256
00.008760000000,1.16,0.256
00.008800000000,1.16,0.256
00.008840000000,1.14,0.258
00.008880000000,1.16,0.258
00.008920000000,1.16,0.254
00.008960000000,1.14,0.256
00.009000000000,1.14,0.256
00.009040000000,1.18,0.256
00.009080000000,1.14,0.256
00.009120000000,1.16,0.256
00.009160000000,1.14,0.254
00.009200000000,1.16,0.256
00.009240000000,1.16,0.256
00.009280000000,1.16,0.258
00.009320000000,1.12,0.254
00.009360000000,1.14,0.256
00.009400000000,1.16,0.254
00.009440000000,1.16,0.256
00.009480000000,1.14,0.256
00.009520000000,1.14,0.256
00.009560000000,1.16,0.256
00.009600000000,1.14,0.256
00.009640000000,1.16,0.256
00.009680000000,1.14,0.256
00.009720000000,1.16,0.256
00.009760000000,1.14,0.256
00.009800000000,1.12,0.256
00.009840000000,1.12,0.256
00.009880000000,1.14,0.256
00.009920000000,1.16,0.256
00.009960000000,1.14,0.254
00.010000000000,1.16,0.258
00.010040000000,1.12,0.256
00.010080000000,1.12,0.256
00.010120000000,1.14,0.256
00.010160000000,1.14,0.256
00.010200000000,1.14,0.256
00.010240000000,1.14,0.256
00.010280000000,1.16,0.256
00.010320000000,1.14,0.256
00.010360000000,1.14,0.258
00.010400000000,1.14,0.256
00.010440000000,1.14,0.256
00.010480000000,1.14,0.256
00.010520000000,1.12,0.254
00.010560000000,1.14,0.254
00.010600000000,1.14,0.254
00.010640000000,1.14,0.256
00.010680000000,1.1,0.254
00.010720000000,1.12,0.256
00.010760000000,1.14,0.256
00.010800000000,1.12,0.256
00.010840000000,1.14,0.256
00.010880000000,1.14,0.254
00.010920000000,1.12,0.254
00.010960000000,1.12,0.256
00.011000000000,1.14,0.256
00.011040000000,1.12,0.256
00.011080000000,1.12,0.256
00.011120000000,1.14,0.254
00.011160000000,1.14,0.254
00.011200000000,1.12,0.254
00.011240000000,1.12,0.256
00.011280000000,1.12,0.254
00.011320000000,1.12,0.254
00.011360000000,1.12,0.256
00.011400000000,1.12,0.256
00.011440000000,1.12,0.256
00.011480000000,1.14,0.254
00.011520000000,1.12,0.256
00.011560000000,1.12,0.254
00.011600000000,1.12,0.256
00.011640000000,1.12,0.254
00.011680000000,1.12,0.254
00.011720000000,1.1,0.254
00.011760000000,1.12,0.256
00.011800000000,1.12,0.256
00.011840000000,1.12,0.256
00.011880000000,1.12,0.254
00.011920000000,1.12,0.254
00.011960000000,1.12,0.256
00.012000000000,1.1,0.254
00.012040000000,1.16,0.256
00.012080000000,1.12,0.254
00.012120000000,1.12,0.256
00.012160000000,1.1,0.254
00.012200000000,1.12,0.254
00.012240000000,1.1,0.256
00.012280000000,1.12,0.256
00.012320000000,1.12,0.254
00.012360000000,1.12,0.254
00.012400000000,1.1,0.254
00.012440000000,1.1,0.254
00.012480000000,1.1,0.254
00.012520000000,1.12,0.254
00.012560000000,1.12,0.254
00.012600000000,1.1,0.254
00.012640000000,1.1,0.254
00.012680000000,1.1,0.254
00.012720000000,1.1,0.254
00.012760000000,1.12,0.254
00.012800000000,1.1,0.254
00.012840000000,1.1,0.254
00.012880000000,1.1,0.254
00.012920000000,1.1,0.254
00.012960000000,1.1,0.254
00.013000000000,1.1,0.254
00.013040000000,1.1,0.254
00.013080000000,1.1,0.256
00.013120000000,1.1,0.254
00.013160000000,1.1,0.256
00.013200000000,1.08,0.254
00.013240000000,1.1,0.254
00.013280000000,1.1,0.254
00.013320000000,1.1,0.254
00.013360000000,1.1,0.254
00.013400000000,1.1,0.254
00.013440000000,1.08,0.254
00.013480000000,1.08,0.254
00.013520000000,1.1,0.254
00.013560000000,1.1,0.254
00.013600000000,1.1,0.254
00.013640000000,1.08,0.254
00.013680000000,1.04,0.254
00.013720000000,1.1,0.254
00.013760000000,1.08,0.254
00.013800000000,1.08,0.254
00.013840000000,1.08,0.252
00.013880000000,1.08,0.256
00.013920000000,1.06,0.254
00.013960000000,1.1,0.254
00.014000000000,1.1,0.252
00.014040000000,1.08,0.252
00.014080000000,1.08,0.252
00.014120000000,1.08,0.254
00.014160000000,1.08,0.254
00.014200000000,1.08,0.254
00.014240000000,1.08,0.252
00.014280000000,1.08,0.252
00.014320000000,1.1,0.252
00.014360000000,1.06,0.252
00.014400000000,1.1,0.254
00.014440000000,1.08,0.252
00.014480000000,1.08,0.252
00.014520000000,1.08,0.254
00.014560000000,1.06,0.252
00.014600000000,1.08,0.254
00.014640000000,1.08,0.252
00.014680000000,1.08,0.252
00.014720000000,1.1,0.252
00.014760000000,1.04,0.252
00.014800000000,1.1,0.254
00.014840000000,1.08,0.252
00.014880000000,1.08,0.252
00.014920000000,1.08,0.252
00.014960000000,1.06,0.254
00.015000000000,1.06,0.254
00.015040000000,1.06,0.254
00.015080000000,1.04,0.252
00.015120000000,1.06,0.254
00.015160000000,1.04,0.252
00.015200000000,1.06,0.254
00.015240000000,1.08,0.252
00.015280000000,1.04,0.252
00.015320000000,1.06,0.252
00.015360000000,1.06,0.254
00.015400000000,1.06,0.252
00.015440000000,1.06,0.252
00.015480000000,1.06,0.254
00.015520000000,1.06,0.252
00.015560000000,1.06,0.252
00.015600000000,1.06,0.252
00.015640000000,1.04,0.252
00.015680000000,1.06,0.252
00.015720000000,1.08,0.252
00.015760000000,1.04,0.252
00.015800000000,1.04,0.252
00.015840000000,1.06,0.254
00.015880000000,1.06,0.254
00.015920000000,1.06,0.252
00.015960000000,1.06,0.252
00.016000000000,1.06,0.252
00.016040000000,1.04,0.252
00.016080000000,1.04,0.252
00.016120000000,1.04,0.252
00.016160000000,1.06,0.252
00.016200000000,1.04,0.254
00.016240000000,1.06,0.252
00.016280000000,1.06,0.25
00.016320000000,1.04,0.25
00.016360000000,1.06,0.25
00.016400000000,1.06,0.254
00.016440000000,1.04,0.25
00.016480000000,1.06,0.25
00.016520000000,1.06,0.252
00.016560000000,1.02,0.252
00.016600000000,1.04,0.252
00.016640000000,1.04,0.252
00.016680000000,1.02,0.25
00.016720000000,1.06,0.248
00.016760000000,1.06,0.252
00.016800000000,1.04,0.252
00.016840000000,1.04,0.25
00.016880000000,1.02,0.252
00.016920000000,1.02,0.252
00.016960000000,1.04,0.25
00.017000000000,1.04,0.25
00.017040000000,1.02,0.25
00.017080000000,1.02,0.252
00.017120000000,1.04,0.25
00.017160000000,1.04,0.25
00.017200000000,1.02,0.25
00.017240000000,1.02,0.25
00.017280000000,1.04,0.25
00.017320000000,1.02,0.25
00.017360000000,1.02,0.248
00.017400000000,1.02,0.248
00.017440000000,1.02,0.248
00.017480000000,1.04,0.248
00.017520000000,1.02,0.248
00.017560000000,1.02,0.248
00.017600000000,1.02,0.248
00.017640000000,1.02,0.248
00.017680000000,1.02,0.248
00.017720000000,1.02,0.248
00.017760000000,1,0.248
00.017800000000,1,0.248
00.017840000000,1,0.248
00.017880000000,1.02,0.246
00.017920000000,1,0.246
00.017960000000,1.02,0.248
00.018000000000,1,0.246
00.018040000000,0.98,0.246
00.018080000000,1,0.246
00.018120000000,1,0.246
00.018160000000,1,0.244
00.018200000000,1,0.246
00.018240000000,1,0.244
00.018280000000,0.98,0.244
00.018320000000,1,0.242
00.018360000000,1,0.244
00.018400000000,0.98,0.244
00.018440000000,1,0.242
00.018480000000,1,0.24
00.018520000000,0.98,0.24
00.018560000000,1,0.24
00.018600000000,0.98,0.24
00.018640000000,0.98,0.238
00.018680000000,0.98,0.24
00.018720000000,0.98,0.238
00.018760000000,0.96,0.238
00.018800000000,0.98,0.238
00.018840000000,0.98,0.238
00.018880000000,0.96,0.238
00.018920000000,0.94,0.234
00.018960000000,0.96,0.234
00.019000000000,0.94,0.236
00.019040000000,0.96,0.236
00.019080000000,0.94,0.236
00.019120000000,0.94,0.234
00.019160000000,0.94,0.234
00.019200000000,0.94,0.234
00.019240000000,0.94,0.234
00.019280000000,0.94,0.23
00.019320000000,0.92,0.23
00.019360000000,0.92,0.232
00.019400000000,0.94,0.23
00.019440000000,0.92,0.23
00.019480000000,0.92,0.228
00.019520000000,0.9,0.226
00.019560000000,0.92,0.228
00.019600000000,0.9,0.228
00.019640000000,0.9,0.226
00.019680000000,0.92,0.222
00.019720000000,0.9,0.222
00.019760000000,0.9,0.222
00.019800000000,0.88,0.222
00.019840000000,0.9,0.222
00.019880000000,0.9,0.22
00.019920000000,0.9,0.22
00.019960000000,0.86,0.22
00.020000000000,0.88,0.218
00.020040000000,0.88,0.216
00.020080000000,0.88,0.216
00.020120000000,0.88,0.216
00.020160000000,0.86,0.214
00.020200000000,0.88,0.212
00.020240000000,0.86,0.212
00.020280000000,0.86,0.212
00.020320000000,0.84,0.21
00.020360000000,0.86,0.21
00.020400000000,0.86,0.21
00.020440000000,0.86,0.208
00.020480000000,0.82,0.206
00.020520000000,0.82,0.206
00.020560000000,0.8,0.206
00.020600000000,0.82,0.206
00.020640000000,0.82,0.204
00.020680000000,0.8,0.202
00.020720000000,0.8,0.2
00.020760000000,0.82,0.2
00.020800000000,0.8,0.2
00.020840000000,0.78,0.2
00.020880000000,0.78,0.198
00.020920000000,0.78,0.196
00.020960000000,0.78,0.198
00.021000000000,0.76,0.196
00.021040000000,0.76,0.196
00.021080000000,0.78,0.194
00.021120000000,0.76,0.192
00.021160000000,0.78,0.192
00.021200000000,0.78,0.192
00.021240000000,0.76,0.192
00.021280000000,0.76,0.188
00.021320000000,0.74,0.188
00.021360000000,0.76,0.19
00.021400000000,0.76,0.188
00.021440000000,0.74,0.186
00.021480000000,0.74,0.186
00.021520000000,0.74,0.184
00.021560000000,0.74,0.186
00.021600000000,0.74,0.184
00.021640000000,0.74,0.184
00.021680000000,0.76,0.182
00.021720000000,0.76,0.184
00.021760000000,0.74,0.182
00.021800000000,0.76,0.18
00.021840000000,0.76,0.182
00.021880000000,0.74,0.182
00.021920000000,0.74,0.18
00.021960000000,0.74,0.18
00.022000000000,0.76,0.178
00.022040000000,0.76,0.178
00.022080000000,0.74,0.178
00.022120000000,0.74,0.178
00.022160000000,0.74,0.178
00.022200000000,0.74,0.178
00.022240000000,0.74,0.176
00.022280000000,0.74,0.178
00.022320000000,0.76,0.178
00.022360000000,0.76,0.176
00.022400000000,0.76,0.176
00.022440000000,0.76,0.176
00.022480000000,0.76,0.174
00.022520000000,0.74,0.174
00.022560000000,0.74,0.176
00.022600000000,0.76,0.174
00.022640000000,0.76,0.174
00.022680000000,0.78,0.174
00.022720000000,0.74,0.174
00.022760000000,0.76,0.174
00.022800000000,0.74,0.174
00.022840000000,0.74,0.176
00.022880000000,0.76,0.174
00.022920000000,0.76,0.176
00.022960000000,0.72,0.174
00.023000000000,0.78,0.174
00.023040000000,0.78,0.174
00.023080000000,0.76,0.174
00.023120000000,0.74,0.176
00.023160000000,0.74,0.176
00.023200000000,0.72,0.176
00.023240000000,0.72,0.176
00.023280000000,0.74,0.176
00.023320000000,0.74,0.178
00.023360000000,0.74,0.176
00.023400000000,0.72,0.176
00.023440000000,0.74,0.178
00.023480000000,0.72,0.178
00.023520000000,0.74,0.178
00.023560000000,0.74,0.178
00.023600000000,0.74,0.178
00.023640000000,0.76,0.18
00.023680000000,0.74,0.18
00.023720000000,0.76,0.18
00.023760000000,0.78,0.182
00.023800000000,0.74,0.182
00.023840000000,0.74,0.182
00.023880000000,0.76,0.184
00.023920000000,0.74,0.184
00.023960000000,0.74,0.184
00.024000000000,0.74,0.186
00.024040000000,0.72,0.184
00.024080000000,0.74,0.188
00.024120000000,0.76,0.188
00.024160000000,0.74,0.188
00.024200000000,0.74,0.19
00.024240000000,0.76,0.188
00.024280000000,0.74,0.19
00.024320000000,0.76,0.19
00.024360000000,0.76,0.192
00.024400000000,0.76,0.192
00.024440000000,0.74,0.194
00.024480000000,0.76,0.192
00.024520000000,0.76,0.196
00.024560000000,0.74,0.196
00.024600000000,0.76,0.198
00.024640000000,0.76,0.196
00.024680000000,0.76,0.198
00.024720000000,0.76,0.198
00.024760000000,0.78,0.198
00.024800000000,0.78,0.2
00.024840000000,0.78,0.202
00.024880000000,0.78,0.202
00.024920000000,0.8,0.204
00.024960000000,0.78,0.204
00.025000000000,0.8,0.204
00.025040000000,0.78,0.204
00.025080000000,0.8,0.208
00.025120000000,0.8,0.208
00.025160000000,0.8,0.208
00.025200000000,0.8,0.208
00.025240000000,0.8,0.21
00.025280000000,0.8,0.21
00.025320000000,0.82,0.21
00.025360000000,0.8,0.212
00.025400000000,0.8,0.212
00.025440000000,0.82,0.214
00.025480000000,0.8,0.214
00.025520000000,0.8,0.214
00.025560000000,0.8,0.216
00.025600000000,0.8,0.216
00.025640000000,0.82,0.216
00.025680000000,0.84,0.218
00.025720000000,0.82,0.22
00.025760000000,0.82,0.218
00.025800000000,0.82,0.22
00.025840000000,0.82,0.22
00.025880000000,0.86,0.22
00.025920000000,0.84,0.222
00.025960000000,0.84,0.222
00.026000000000,0.84,0.222
00.026040000000,0.84,0.224
00.026080000000,0.84,0.224
00.026120000000,0.86,0.224
00.026160000000,0.84,0.226
00.026200000000,0.86,0.226
00.026240000000,0.82,0.228
00.026280000000,0.84,0.226
00.026320000000,0.86,0.228
00.026360000000,0.86,0.228
00.026400000000,0.86,0.23
00.026440000000,0.86,0.23
00.026480000000,0.86,0.23
00.026520000000,0.86,0.23
00.026560000000,0.86,0.23
00.026600000000,0.86,0.232
00.026640000000,0.86,0.23
00.026680000000,0.86,0.23
00.026720000000,0.88,0.234
00.026760000000,0.88,0.234
00.026800000000,0.86,0.234
00.026840000000,0.86,0.234
00.026880000000,0.86,0.234
00.026920000000,0.86,0.236
00.026960000000,0.86,0.236
00.027000000000,0.88,0.236
00.027040000000,0.86,0.236
00.027080000000,0.88,0.236
00.027120000000,0.88,0.236
00.027160000000,0.88,0.236
00.027200000000,0.88,0.236
00.027240000000,0.88,0.238
00.027280000000,0.88,0.238
00.027320000000,0.88,0.238
00.027360000000,0.86,0.236
00.027400000000,0.9,0.236
00.027440000000,0.88,0.238
00.027480000000,0.88,0.24
00.027520000000,0.88,0.238
00.027560000000,0.86,0.24
00.027600000000,0.86,0.24
00.027640000000,0.88,0.24
00.027680000000,0.88,0.24
00.027720000000,0.86,0.24
00.027760000000,0.86,0.24
00.027800000000,0.88,0.238
00.027840000000,0.88,0.24
00.027880000000,0.88,0.238
00.027920000000,0.86,0.242
00.027960000000,0.88,0.24
00.028000000000,0.88,0.24
00.028040000000,0.9,0.242
00.028080000000,0.9,0.24
00.028120000000,0.88,0.24
00.028160000000,0.86,0.24
00.028200000000,0.88,0.242
00.028240000000,0.9,0.24
00.028280000000,0.88,0.242
00.028320000000,0.88,0.244
00.028360000000,0.88,0.242
00.028400000000,0.86,0.24
00.028440000000,0.88,0.242
00.028480000000,0.88,0.24
00.028520000000,0.86,0.242
00.028560000000,0.88,0.242
00.028600000000,0.88,0.242
00.028640000000,0.88,0.24
00.028680000000,0.88,0.242
00.028720000000,0.88,0.242
00.028760000000,0.88,0.24
00.028800000000,0.88,0.242
00.028840000000,0.88,0.242
00.028880000000,0.86,0.24
00.028920000000,0.9,0.24
00.028960000000,0.88,0.242
00.029000000000,0.88,0.24
00.029040000000,0.86,0.244
00.029080000000,0.88,0.24
00.029120000000,0.9,0.24
00.029160000000,0.86,0.24
00.029200000000,0.86,0.24
00.029240000000,0.82,0.24
00.029280000000,0.86,0.242
00.029320000000,0.84,0.242
00.029360000000,0.86,0.244
00.029400000000,0.86,0.24
00.029440000000,0.86,0.242
00.029480000000,0.88,0.24
00.029520000000,0.86,0.24
00.029560000000,0.86,0.24
00.029600000000,0.84,0.24
00.029640000000,0.88,0.242
00.029680000000,0.86,0.242
00.029720000000,0.86,0.242
00.029760000000,0.88,0.242
00.029800000000,0.9,0.242
00.029840000000,0.88,0.24
00.029880000000,0.84,0.242
00.029920000000,0.88,0.242
00.029960000000,0.88,0.24
00.030000000000,0.86,0.242
00.030040000000,0.88,0.24
00.030080000000,0.86,0.24
00.030120000000,0.84,0.242
00.030160000000,0.86,0.24
00.030200000000,0.84,0.24
00.030240000000,0.86,0.24
00.030280000000,0.86,0.242
00.030320000000,0.84,0.242
00.030360000000,0.86,0.24
00.030400000000,0.86,0.24
00.030440000000,0.84,0.24
00.030480000000,0.86,0.24
00.030520000000,0.86,0.24
00.030560000000,0.84,0.24
00.030600000000,0.88,0.24
00.030640000000,0.82,0.24
00.030680000000,0.84,0.24
00.030720000000,0.86,0.242
00.030760000000,0.86,0.24
00.030800000000,0.82,0.242
00.030840000000,0.84,0.242
00.030880000000,0.84,0.242
00.030920000000,0.84,0.24
00.030960000000,0.86,0.24
00.031000000000,0.84,0.24
00.031040000000,0.84,0.242
00.031080000000,0.86,0.24
00.031120000000,0.84,0.24
00.031160000000,0.84,0.24
00.031200000000,0.84,0.24
00.031240000000,0.84,0.24
00.031280000000,0.84,0.24
00.031320000000,0.84,0.24
00.031360000000,0.84,0.24
00.031400000000,0.84,0.24
00.031440000000,0.84,0.24
00.031480000000,0.84,0.24
00.031520000000,0.86,0.24
00.031560000000,0.84,0.238
00.031600000000,0.86,0.24
00.031640000000,0.82,0.238
00.031680000000,0.8,0.24
00.031720000000,0.84,0.24
00.031760000000,0.82,0.24
00.031800000000,0.84,0.24
00.031840000000,0.82,0.24
00.031880000000,0.86,0.24
00.031920000000,0.84,0.24
00.031960000000,0.86,0.24
00.032000000000,0.82,0.24
00.032040000000,0.82,0.24
00.032080000000,0.8,0.238
00.032120000000,0.82,0.24
00.032160000000,0.82,0.238
00.032200000000,0.82,0.24
00.032240000000,0.8,0.24
00.032280000000,0.82,0.24
00.032320000000,0.84,0.24
00.032360000000,0.82,0.24
00.032400000000,0.8,0.24
00.032440000000,0.82,0.238
00.032480000000,0.8,0.238
00.032520000000,0.84,0.238
00.032560000000,0.84,0.24
00.032600000000,0.82,0.24
00.032640000000,0.82,0.24
00.032680000000,0.82,0.24
00.032720000000,0.82,0.24
00.032760000000,0.82,0.238
00.032800000000,0.84,0.238
00.032840000000,0.8,0.238
00.032880000000,0.8,0.238
00.032920000000,0.84,0.238
00.032960000000,0.82,0.238
00.033000000000,0.82,0.238
00.033040000000,0.82,0.238
00.033080000000,0.8,0.238
00.033120000000,0.82,0.24
00.033160000000,0.8,0.238
00.033200000000,0.8,0.238
00.033240000000,0.8,0.238
00.033280000000,0.82,0.238
00.033320000000,0.8,0.24
00.033360000000,0.82,0.238
00.033400000000,0.8,0.238
00.033440000000,0.8,0.24
00.033480000000,0.8,0.238
00.033520000000,0.8,0.238
00.033560000000,0.82,0.238
00.033600000000,0.82,0.238
00.033640000000,0.82,0.238
00.033680000000,0.8,0.238
00.033720000000,0.8,0.236
00.033760000000,0.82,0.238
00.033800000000,0.8,0.238
00.033840000000,0.8,0.24
00.033880000000,0.78,0.238
00.033920000000,0.78,0.238
00.033960000000,0.8,0.24
00.034000000000,0.8,0.24
00.034040000000,0.8,0.236
00.034080000000,0.78,0.238
00.034120000000,0.8,0.238
00.034160000000,0.78,0.238
00.034200000000,0.8,0.236
00.034240000000,0.8,0.24
00.034280000000,0.78,0.238
00.034320000000,0.8,0.238
00.034360000000,0.8,0.238
00.034400000000,0.8,0.238
00.034440000000,0.78,0.238
00.034480000000,0.8,0.238
00.034520000000,0.8,0.238
00.034560000000,0.8,0.236
00.034600000000,0.8,0.238
00.034640000000,0.78,0.236
00.034680000000,0.78,0.236
00.034720000000,0.8,0.238
00.034760000000,0.8,0.236
00.034800000000,0.78,0.238
00.034840000000,0.8,0.238
00.034880000000,0.8,0.236
00.034920000000,0.8,0.236
00.034960000000,0.8,0.238
00.035000000000,0.8,0.238
00.035040000000,0.78,0.236
00.035080000000,0.78,0.238
00.035120000000,0.8,0.236
00.035160000000,0.78,0.236
00.035200000000,0.8,0.236
00.035240000000,0.8,0.238
00.035280000000,0.8,0.238
00.035320000000,0.78,0.238
00.035360000000,0.78,0.236
00.035400000000,0.78,0.238
00.035440000000,0.78,0.236
00.035480000000,0.78,0.238
00.035520000000,0.76,0.238
00.035560000000,0.78,0.236
00.035600000000,0.78,0.236
00.035640000000,0.78,0.236
00.035680000000,0.78,0.238
00.035720000000,0.78,0.236
00.035760000000,0.78,0.236
00.035800000000,0.78,0.236
00.035840000000,0.78,0.236
00.035880000000,0.78,0.236
00.035920000000,0.78,0.236
00.035960000000,0.76,0.238
00.036000000000,0.78,0.238
00.036040000000,0.78,0.238
00.036080000000,0.78,0.236
00.036120000000,0.78,0.236
00.036160000000,0.78,0.236
00.036200000000,0.78,0.238
00.036240000000,0.78,0.236
00.036280000000,0.76,0.236
00.036320000000,0.78,0.236
00.036360000000,0.78,0.236
00.036400000000,0.78,0.236
00.036440000000,0.76,0.236
00.036480000000,0.76,0.236
00.036520000000,0.76,0.236
00.036560000000,0.76,0.236
00.036600000000,0.76,0.236
00.036640000000,0.76,0.234
00.036680000000,0.78,0.236
00.036720000000,0.78,0.234
00.036760000000,0.78,0.236
00.036800000000,0.76,0.238
00.036840000000,0.76,0.238
00.036880000000,0.78,0.236
00.036920000000,0.74,0.236
00.036960000000,0.76,0.236
00.037000000000,0.76,0.238
00.037040000000,0.76,0.234
00.037080000000,0.78,0.234
00.037120000000,0.78,0.236
00.037160000000,0.74,0.236
00.037200000000,0.76,0.236
00.037240000000,0.76,0.236
00.037280000000,0.74,0.234
00.037320000000,0.76,0.236
00.037360000000,0.76,0.236
00.037400000000,0.76,0.234
00.037440000000,0.76,0.236
00.037480000000,0.76,0.236
00.037520000000,0.76,0.234
00.037560000000,0.76,0.234
00.037600000000,0.76,0.234
00.037640000000,0.76,0.234
00.037680000000,0.74,0.236
00.037720000000,0.74,0.234
00.037760000000,0.76,0.236
00.037800000000,0.74,0.234
00.037840000000,0.74,0.234
00.037880000000,0.76,0.234
00.037920000000,0.74,0.236
00.037960000000,0.76,0.236
00.038000000000,0.76,0.236
00.038040000000,0.74,0.234
00.038080000000,0.72,0.234
00.038120000000,0.74,0.234
00.038160000000,0.76,0.234
00.038200000000,0.76,0.234
00.038240000000,0.74,0.234
00.038280000000,0.74,0.234
00.038320000000,0.74,0.232
00.038360000000,0.74,0.234
00.038400000000,0.76,0.234
00.038440000000,0.74,0.234
00.038480000000,0.74,0.236
00.038520000000,0.74,0.232
00.038560000000,0.74,0.234
00.038600000000,0.74,0.234
00.038640000000,0.74,0.234
00.038680000000,0.76,0.234
00.038720000000,0.74,0.234
00.038760000000,0.74,0.234
00.038800000000,0.74,0.232
00.038840000000,0.74,0.234
00.038880000000,0.74,0.232
00.038920000000,0.74,0.236
00.038960000000,0.74,0.234
00.039000000000,0.74,0.234
00.039040000000,0.74,0.234
00.039080000000,0.74,0.234
00.039120000000,0.74,0.234
00.039160000000,0.74,0.234
00.039200000000,0.74,0.232
00.039240000000,0.74,0.232
00.039280000000,0.72,0.232
00.039320000000,0.74,0.234
00.039360000000,0.74,0.234
00.039400000000,0.74,0.234
00.039440000000,0.74,0.232
00.039480000000,0.72,0.234
00.039520000000,0.74,0.234
00.039560000000,0.72,0.232
00.039600000000,0.72,0.234
00.039640000000,0.74,0.232
00.039680000000,0.74,0.234
00.039720000000,0.72,0.232
00.039760000000,0.72,0.232
00.039800000000,0.72,0.234
00.039840000000,0.7,0.234
00.039880000000,0.72,0.234
00.039920000000,0.72,0.232
00.039960000000,0.72,0.234
00.040000000000,0.72,0.232
00.040040000000,0.72,0.232
00.040080000000,0.72,0.234
00.040120000000,0.72,0.232
00.040160000000,0.72,0.232
00.040200000000,0.74,0.23
00.040240000000,0.72,0.232
00.040280000000,0.72,0.234
00.040320000000,0.7,0.234
00.040360000000,0.72,0.232
00.040400000000,0.72,0.232
00.040440000000,0.72,0.232
00.040480000000,0.72,0.232
00.040520000000,0.7,0.232
00.040560000000,0.72,0.232
00.040600000000,0.72,0.232
00.040640000000,0.72,0.232
00.040680000000,0.72,0.23
00.040720000000,0.72,0.234
00.040760000000,0.72,0.232
00.040800000000,0.72,0.232
00.040840000000,0.72,0.232
00.040880000000,0.72,0.232
00.040920000000,0.72,0.232
00.040960000000,0.72,0.232
00.041000000000,0.74,0.232
00.041040000000,0.7,0.23
00.041080000000,0.72,0.232
00.041120000000,0.72,0.232
00.041160000000,0.7,0.23
00.041200000000,0.7,0.23
00.041240000000,0.7,0.232
00.041280000000,0.7,0.232
00.041320000000,0.7,0.23
00.041360000000,0.7,0.232
00.041400000000,0.7,0.232
00.041440000000,0.7,0.232
00.041480000000,0.7,0.232
00.041520000000,0.7,0.232
00.041560000000,0.7,0.232
00.041600000000,0.7,0.232
00.041640000000,0.7,0.232
00.041680000000,0.7,0.23
00.041720000000,0.68,0.23
00.041760000000,0.7,0.232
00.041800000000,0.7,0.23
00.041840000000,0.72,0.232
00.041880000000,0.72,0.232
00.041920000000,0.7,0.23
00.041960000000,0.7,0.232
00.042000000000,0.7,0.232
00.042040000000,0.7,0.234
00.042080000000,0.68,0.23
00.042120000000,0.7,0.228
00.042160000000,0.7,0.23
00.042200000000,0.7,0.23
00.042240000000,0.68,0.23
00.042280000000,0.7,0.23
00.042320000000,0.7,0.23
00.042360000000,0.68,0.232
00.042400000000,0.68,0.23
00.042440000000,0.7,0.23
00.042480000000,0.7,0.23
00.042520000000,0.7,0.23
00.042560000000,0.7,0.23
00.042600000000,0.66,0.23
00.042640000000,0.68,0.23
00.042680000000,0.68,0.232
00.042720000000,0.7,0.23
00.042760000000,0.68,0.23
00.042800000000,0.7,0.228
00.042840000000,0.68,0.23
00.042880000000,0.68,0.23
00.042920000000,0.68,0.23
00.042960000000,0.7,0.23
00.043000000000,0.68,0.23
00.043040000000,0.68,0.232
00.043080000000,0.68,0.23
00.043120000000,0.7,0.23
00.043160000000,0.68,0.23
00.043200000000,0.68,0.228
00.043240000000,0.7,0.23
00.043280000000,0.68,0.228
00.043320000000,0.68,0.23
00.043360000000,0.68,0.228
00.043400000000,0.68,0.23
00.043440000000,0.7,0.23
00.043480000000,0.68,0.23
00.043520000000,0.68,0.23
00.043560000000,0.68,0.228
00.043600000000,0.68,0.23
00.043640000000,0.68,0.23
00.043680000000,0.68,0.228
00.043720000000,0.7,0.23
00.043760000000,0.68,0.23
00.043800000000,0.68,0.228
00.043840000000,0.68,0.228
00.043880000000,0.68,0.228
00.043920000000,0.66,0.228
00.043960000000,0.68,0.23
00.044000000000,0.66,0.23
00.044040000000,0.66,0.228
00.044080000000,0.66,0.23
00.044120000000,0.68,0.23
00.044160000000,0.68,0.23
00.044200000000,0.7,0.23
00.044240000000,0.68,0.23
00.044280000000,0.68,0.228
00.044320000000,0.66,0.228
00.044360000000,0.68,0.228
00.044400000000,0.68,0.228
00.044440000000,0.66,0.23
00.044480000000,0.66,0.228
00.044520000000,0.68,0.228
00.044560000000,0.68,0.228
00.044600000000,0.66,0.228
00.044640000000,0.66,0.228
00.044680000000,0.68,0.228
00.044720000000,0.68,0.228
00.044760000000,0.66,0.228
00.044800000000,0.68,0.23
00.044840000000,0.66,0.228
00.044880000000,0.68,0.23
00.044920000000,0.66,0.228
00.044960000000,0.66,0.228
00.045000000000,0.66,0.228
00.045040000000,0.66,0.228
00.045080000000,0.64,0.228
00.045120000000,0.66,0.23
00.045160000000,0.66,0.228
00.045200000000,0.66,0.228
00.045240000000,0.66,0.228
00.045280000000,0.64,0.226
00.045320000000,0.66,0.23
00.045360000000,0.66,0.226
00.045400000000,0.64,0.226
00.045440000000,0.66,0.228
00.045480000000,0.66,0.23
00.045520000000,0.66,0.228
00.045560000000,0.66,0.228
00.045600000000,0.64,0.228
00.045640000000,0.66,0.228
00.045680000000,0.66,0.228
00.045720000000,0.64,0.226
00.045760000000,0.64,0.226
00.045800000000,0.66,0.228
00.045840000000,0.64,0.228
00.045880000000,0.66,0.228
00.045920000000,0.64,0.228
00.045960000000,0.66,0.226
00.046000000000,0.66,0.228
00.046040000000,0.66,0.228
00.046080000000,0.66,0.228
00.046120000000,0.64,0.228
00.046160000000,0.68,0.226
00.046200000000,0.64,0.228
00.046240000000,0.66,0.228
00.046280000000,0.66,0.226
00.046320000000,0.66,0.226
00.046360000000,0.64,0.226
00.046400000000,0.66,0.226
00.046440000000,0.64,0.224
00.046480000000,0.64,0.228
00.046520000000,0.64,0.228
00.046560000000,0.64,0.228
00.046600000000,0.64,0.228
00.046640000000,0.64,0.226
00.046680000000,0.66,0.228
00.046720000000,0.66,0.226
00.046760000000,0.66,0.228
00.046800000000,0.64,0.226
00.046840000000,0.64,0.228
00.046880000000,0.64,0.228
00.046920000000,0.66,0.228
00.046960000000,0.64,0.226
00.047000000000,0.64,0.228
00.047040000000,0.64,0.226
00.047080000000,0.64,0.226
00.047120000000,0.66,0.226
00.047160000000,0.64,0.226
00.047200000000,0.64,0.226
00.047240000000,0.66,0.226
00.047280000000,0.66,0.228
00.047320000000,0.64,0.226
00.047360000000,0.66,0.226
00.047400000000,0.64,0.226
00.047440000000,0.64,0.228
00.047480000000,0.64,0.226
00.047520000000,0.64,0.226
00.047560000000,0.64,0.226
00.047600000000,0.64,0.226
00.047640000000,0.64,0.226
00.047680000000,0.62,0.226
00.047720000000,0.62,0.224
00.047760000000,0.62,0.224
00.047800000000,0.6,0.224
00.047840000000,0.62,0.226
00.047880000000,0.64,0.226
00.047920000000,0.62,0.226
00.047960000000,0.64,0.226
00.048000000000,0.62,0.228
00.048040000000,0.66,0.226
00.048080000000,0.64,0.224
00.048120000000,0.64,0.226
00.048160000000,0.62,0.226
00.048200000000,0.64,0.226
00.048240000000,0.64,0.226
00.048280000000,0.66,0.226
00.048320000000,0.64,0.226
00.048360000000,0.64,0.226
00.048400000000,0.64,0.228
00.048440000000,0.64,0.226
00.048480000000,0.66,0.226
00.048520000000,0.64,0.224
00.048560000000,0.62,0.226
00.048600000000,0.62,0.224
00.048640000000,0.64,0.226
00.048680000000,0.64,0.224
00.048720000000,0.62,0.226
00.048760000000,0.62,0.224
00.048800000000,0.62,0.224
00.048840000000,0.62,0.224
00.048880000000,0.62,0.226
00.048920000000,0.62,0.226
00.048960000000,0.64,0.224
